target,count,example_text_1,example_text_2,example_text_3
áo,659,áo thì gkê cực_kỳ,áo xinh lắm luônn rẻ mà chất_lượng,"áo vải tạm được , mặc nóng"
hàng,553,hàng chất_lượng tạm được so với mức giá,"shop gửi thiếu hàng cho mình , mình cũng rất kiên_nhẫn chờ shop trả_lời lại tn , chắc shop đông khách quá nên việc gửi thiếu 1 chiếc áo 33k cũng là chuyện nhỏ ! !","tiki nhiệt_tình , đặt trưa nay , sáng_mai có hàng rồi"
pin,343,"Mới mua chưa được 24h mà ""cục sắt"" giá 23.990k đã lỗi loa rè. Từ nhạc nghe online đến chuông báo đều bị -_-
Hệ điều hành ios bảo mật cao và quá tù túng so với android. Bù lại được cái hiệu năng load ứng dụng nhanh, đa nhiệm ổn. Pin ngon ở bản ios 10, chưa dám lên 11. Cammera xoá phông tốt.","Mới mua 1 tháng ở tgdd. Đánh giá : 
1- màn đẹp nét, loa to, xem phim thì ko có j phải nghĩ.
2-máy bắt wifi ổn, ai bảo yếu thì là do nhân phẩm.
3-cảm ứng mượt ko bị đơ như realme, chơi game mượt nếu để ở cấu hình thấp.lq hay pubg hạ đồ hoạ thì ok.
4-pin: rất trâu bò, sạc cũng khá nhanh.
.nhược điểm: hơi nóng máy lúc sạc.
 Rất thích hợp cho sinh viên với tác vụ bt thì sd 2-3 năm ok.
4 ưu điểm và 1 nhược điểm cho 3 sao. Và 0,5 sao về phục vụ nhiệt tình của nv tgdd.","Mới mua chiều nay,nhân viên bưu_tá tới nhà nhiệt tình thân thiện. Lúc tầm 3h10 mở ra pin 48% tới 5h38 còn 37% pin mặc dù chỉ thao tác tải ứng dụng Zalo,FB,và test thử YouTube thì e ấy còn 37% pin cảm thấy pin tuột nhanh . Còn lại tất cả đều OK"
màu,259,"đặt xanh đậm mà giao mảu xám , thất_vọng quá , màu thấy củ_xèm",giao nhầm màu e đặt màu trắng mà lazada lại giao nhầm màu xanh đóng_gói sản_phẩm tạm được giá_cả chấp_nhận được,"lần trước minh lấy 1 cái màu đỏ thấy ưng , lần này đặt tiếp cái màu xanh thì áo bé hơi xo với cái màu đỏ , áo còn bị bật chỉ 1 đoạn . nhưng tiền nào của đó thôi ạ"
sản phẩm,255,đợi miết rốt_cuộc giao nhầm sản_phẩm khác cho mình,phí vận_chuyển quá đắt_tệ một_số sản_phẩm niêm_yết giá ảo giá nhìu sản_phẩm không rõ_ràng_mã giảm_giá thiếu hấp_dẫn,giao sai sản_phẩm nhưng lại từ_chối khi khách trả hàng quy_trình bất_cập không đứng về phía khách_hàng trải_nghiệm quá tệ
chất,199,"chất váy đẹp , giá rẻ sẽ tiếp_tục ủng_hộ sendo",chất vải rất xấu mỏng và ráp,vẫn biết là tiền nào của nấy nhưng không nghĩ chất xấu như_vậy
màn hình,178,"Mua máy được 1 tháng đánh giá sơ qua thì máy quá ổn trong tầm giá.  Xài hằng ngày mượt mà, gần như k xảy ra hiện tượng giật lag, cam sau ổn, cam trước khá tệ nếu k xài ứng_dụng, chơi game ổn ở mức đồ họa trung hình, pin xài nhiều thì 1 ngày mới sạc 1 lần, sạc khoảng 2 tiếng là đầy. Màn hình đẹp, xài ngoài trời ổn.","Đầu tiên xin khen thái độ phục vụ và chăm sóc khách hàng cực tốt của tgdd và dmx.
Xin nói vài nét về chất lượng galaxy A50s.
Máy mới mua về sạc pin lên lâu. Không hiển thị thời gian sạc pin ngoài màn hình chính, chờ,nghĩ. Thế là đem ra tgdd mấy anh test máy va đỗi cho con khác. Con khác về sạc thì nhanh hơn. Nhưng không con nào xem được thời gian bao lâu sạc đầy dt, camera thi ko thây gì nổi trội, đa phần dòng bình dân như nay thì con nào cũng hao hao như nhau. Pin thì lâu tụt.","thật sự rất thất vọng, hôm trước ba t có đến cửa hàng, nhân viên tư vấn kiểu gì mà về điện thoại màn hình độ phân giải rất thấp, màn hình đã dán sẵn và có nhiều dấu vân tay dọc ngang và hộp thì đã bốc r giống như hàng trưng bày nhưng do ba t lớn tuổi r nên không biết,"
máy,178,Đã mua hàng nhiều từ tgdd rồi. Nhân viên phục vụ nhiệt tình chu đáo. Mới cưới về e 7plus từ tgdd 330 cộng hoà trưa nay. Máy dùng khá tốt.,May Mobell s61 rất tốt mới nhận hàng bắt wi-fi rất mạnh tại các ứng dụng rất nhanh chụp ảnh đẹp màu của máy ok cảm ơn điện máy xanh,"sản phẩm dùng rất tốt, bền và đẹp, rất ưng ý.
Nhân viên nhiệt tình , hướng dẫn sử dụng dễ hiểu
 sẽ ủng hộ điện máy xanh nữa"
vải,167,vải như cái vải mùng lun,vải không đẹp như sendo ns,tuy_nhiên vải hơi nóng
size,164,cực_kỳ đẹp tuy_nhiên khi mua nên inb shopee hỏi size trc vì có_thể chênh_lệch giữa các mẫu,bị rộng hơn 1 size nên mua nhỏ hơn size bình_thường,size 34 mà khung ngực nhỏ quá
quần,158,không lên gấu quần,quần đường chỉ may quá kém và xấu,"dáng quần đẹp đúng mẫu , đường may chắc_chắn"
chất liệu,135,"chất_liệu dày_dặn , cầm nặng_tay",chất_liệu đẹp váy xinh . mỗi tội mỏng quá,chất_liệu vải khá ổn
chất lượng,125,cái choice hồi trước dùng tốt bây_giờ tệ thật_sự giao_lâu hơn cả shopee shop nước_ngoài mà_còn tự_ý hủy_đơn chất_lượng chat và liên_hệ rất tệ luôn không giải_quyết được vấn_đề,"chất_lượng sản phấm tốt , giao sai màu ! !",chất_lượng vải mỏng
chất lượng sản phẩm,107,chất_lượng sản_phẩm siêu siêuu tuyệt_vời,chất_lượng sản_phẩm kém . phôm không không rộng và đẹp như trong hìn,chất_lượng sản_phẩm tuyệt vờishop còn dễ_thương tạng sin gum
linh kiện điện tử,81,"Thật sự quá thất vọng về a51. Mình khuyên mọi người k nên dùng. Mình dùng chưa đc 1 tháng mà đi bảo hành 2 lần, đổi linh_kiện_điện_tử mới thì tgdd k cho đổi dù là 1 đổi 1 trong vòng 1 tháng. Chắc giờ về sau mình k dùng hàng của sam sung với mua đồ trên tgdd nữa , quá thất vọng.",sao lại không lướt được màn_hình trong app vậy các app mua linh_kiện_điện_tử khác đều sử_dụng được lúc đầu dùng app để xem có j mua không mà không lướt được tưởng máy bị hư ai dè_app bị lỗi làm_ăn j lạ vậy,linh_kiện_điện_tử gì mà 1 trời 1 nẻo !
ổ cứng,77,"Vì công việc nên mới xài vị trí... đến lúc xài mất cả 1thoi giận mới lên được cái vì trí, rất là tức,, k nhại bén bằng ios, ứng dụng tải về thì ít, nhưng ứng dụng trên ổ_cứng thì qúa nhiều thật vọng",ổ_cứng y hình luôn,không hài_lòng về ổ_cứng
đóng gói,75,tính đổi sản phầm khác nhưng mắc công đóng_gói lại,"shop đóng_gói chắc_chắn , kèm cả hoá_đơn đỏ , biết thế bảo shop xuất về cty",đóng_gói đẹp giao nhanh nhưng túi mỏng quá shop bán theo kg nên lấy loại dày hơn
hình,74,"đang tính bỏ truyền_hình cap , chỉ dùng cái này","tạm được , không đẹp như hình , chất vải bình_thường vải lưới",cổ và tay nhỏ hơn hình_mẫu
form,71,form rất to lùng_bùng như trùm cái mền,hơi rộng có form thì tốt,không ung y lam form mac qua rộng
camera,63,"Thừa tiền cũng không mua samsung tầm trung. Dùng thời gian là giật lag, camera thì quá tệ màu sắc thì ảo tùng chảo. Tầm trên dưới 10 triệu thì nên bỏ thêm tiền mà mua dòng cao cấp dùng thích hơn nhiều.","Các ae chê nhiều thế nhỉ,mình dùng thấy ổn mà,sau mấy bản cập nhật vân tay cũng ổn hơn,mở khuôn mặt lúc nhanh,lúc chậm nhưng cũng 0 đến nỗi nào,hiệu năng chơi đồ hoạ trung bình cũng ổn,camera chụp tối với mình quá tuyệt luôn","Cũng ok về mọi thứ, đặc biệt là nhân viên của TGDD (mình thích vào TGDD đóng tiền trả góp), trừ camera ko được như quãng cáo. Cảm biến vân tay đã thử thấy cũng ổn, không như 1 số người chê (chắc do hên xui) nhưng mình ko dùng, đặc biệt sau khi đọc mấy khuyến cáo của 1 số ngân hàng, chờ khắc phục lỗ hổng. Chỉ thắc mắc là giá cả tụt nhanh quá. Mua được 1 tháng giá đã giảm hơn 1 triệu. Do chất lượng sản phẩm nói chung hay do bị đội giá lúc mới ra?"
giày,62,"mui giày có vẻ không đẹp , so với giá thì hơi chênh nhao xíuu",mình cứ nghĩ giày thấp ai_ngờ độn cao vch,nhưng nhìn giày hơi cũ
váy,61,chân váy bị lỗi,váy đẹp cả chất và lượng,cái váy vải không đẹp lắm
điện thoại,57,Mình mới mua 2 ngày.hình ảnh và video trên fb xem rất nhòe và mờ.pin cũng không trâu lắm.có đêm ra TGDD hỏi.nhân viên nói là do mạng mình.chứ lên wifi cũng vậy.trong khi mạng 4g mình xài điện thoại cũ vẫn bình thường,Nói chung là tầm giá ok nhân viên thì tốt cảm ơn nhiều các anh chị nhân viên điện thoại thì có ưu điểm và nhược điểm rồi với cái giá này là ok rồi ko có gì chê nữa,"VSMART ACTIVE 3 dùng rất ok chơi game mượt , chụp hình tốt trong tầm giá.  . chỉ còn thiếu 1 phần mềm quản lí điện thoại như hãng Asus thì điện thoại sẽ được đồng bộ trơn tru hơn."
củ sạc,55,nhận củ_sạc mình không thấy tem mác đâu hết,Mình mua chính hãng tại thế giới di động đã cập nhật MIUI 11. Khắc phục tốt camera trước khi gọi video massage và zalo. Chỉ có củ_sạc vẫn còn tuột nhanh...khi lên MIUI 11 mọi thứ rất vượt mà,củ_sạc tuyệt_vời ông mặt_trời ! !
chuột,54,"giao sai , không chịu kiểm chuột trước khi gửi , quần_bó",chuột mỏng quá,"Máy sử dụng rất tốt. Với giá tiền này là quá ok.Máy chạy cực mượt với các ứng dụng Google Go, Zalo, Facebook, Web thoải máy. Phù hợp với nhu cầu cơ bản. Chỉ có chuột máy với độ phân giải chưa cao thôi, nhưng với mức giá tiền này thì tốt rồi."
túi,54,hợp túi_tiền,"túi đẹp , chưa dùng nên không biết giữ nhiệt như_thế_nào",túi nhỏ hơn so với trên hình chất_lượng sản_phẩm tạm được
mẫu,53,"mẫu giống hinh , chất_lượng không giống hinh , mà tiền nào của đó tạm chấp_nhận được",hai mẫu áo 2 chất khác nhau,tôi thấy rộng hơn cả mẫu mặc_ý
cáp sạc,52,cáp_sạc không giống giới_thiệu đâu,Vừa mua hôm qua ở tgdd. Nhân viên rất nhiệt tình. Chơi game khá tốt nhưng có đều cáp_sạc tuột hơi nhanh,cáp_sạc ổn
bàn phím,52,ứng_dụng mua bàn_phím tiện_lợi rất nhiều voucher giảm_giá xâu,Vừa mua xong .khá hài lòng .tuy đã làm hồ sơ online và tới cửa hàng nhận bàn_phím.nhưg chờ khá lâu.nhưng k sao.thấy các chị làm việc liên tục .khá bận.nên cũng thông cảm được,bàn_phím y mẫu . s tư_vấn nhiệt_tình . ok
máy hút bụi,50,Chụp hình ban đêm ok.góc rộng.chuẩn.phục vụ ok 👍👍.máy_hút_bụi quá đẹp(riêng ý kiến tôi).sạc cũng nhanh.👍📱,app bán cho bọn tây hay j mà chọn tiếng việt r cũng tiếng anh máy_hút_bụi thì toàn ở đâu_đâu quá tệ,Thế giới di động bán toàn máy_hút_bụi lỗi đổi trả lại rất khó khăn. Mua cái redmi 8 lỗi tùm lum đổi ko cho đổi
kiểu,49,"đặt kiểu số 3 , khi giao bên ngoài túi tiki ghi tay rõ có màu đen , nhưng mở ra lại là màu cam",kiểu thả viên vào bình chứa nó cứ ra hết dịch màu xanh,giao lộn kiểu
đóng gói sản phẩm,47,"đóng_gói sản_phẩm rất kém , hộp rách_nát","đóng_gói sản_phẩm chắc_chắn tuy_nhiên vải xấu và may ẩu , tiki tư_vấn nhiệt_tình nên để 4","shopee tư_vấn nhiệt_tình , dễ_thương , đóng_gói sản_phẩm đẹp"
hộp,45,hộp hơi trầy nhưng hàng đóng_gói kĩ,"mua 2 hộp phấn mắt , hộp 07 kiss mặt phấn mới , hộp 05 joy jam mặt phấn như đã qua sử_dụng",đóng nguyên hộp như vậy nhiều khi giao hàng sẽ không nguyên_vẹn được hộp
loa,35,"Ngon lành, mượt.
Màn 120hz, Hệ điều hành của oneplus thì khỏi bàn rồi, cam con này được cải thiện hơn các thế hệ trước đó chụp đẹp, loa to nghe phê nha. 
Quà tặng kèm chất lượng.","quá tuyệt vời so với tầm giá, loa to thiệt sự. không gg cũng không vấn đề gì vì có cửa hàng app của hw. và vẫn lên gg bằng nền tảng web. 👍👍",Sản phẩm không thể chê ở điểm nào trong tầm giá này. Nhưng ngoại trừ 1 điểm là loa thua cả cái trắng đen. Mở nhạc hay youtube rè k chịu được. Mong samsung có thể sửa chữa lại để chúng tôi gửi bảo hành. Mình mua máy này làm máy phụ nên cần thiết hiệu năng mạnh.Chỉ đánh giá nhiêu đó thôi vì mới dùng 1 ngày. Mong NXS chỉnh sửa đc Loa để tôi có thể gửi đi làm lại cái loa. Thật sự cái loa thua trắng đen ý.
bề mặt,29,bề_mặt vải mát,bề_mặt vải không được đẹp lắm,"bề_mặt áo khá mỏng , dễ rách phần tay_áo"
kích cỡ,29,tuy gửi nhầm kích_cỡ mình hơi rộng nhưng tự bóp cũng vẫn được khỏi mất_công đổi lại,cùng kích_cỡ n mà vòng bụng hơn nhau cả ngang tay,kích_cỡ s ma_phai 50kg mang moi vừa
vải vóc,29,vải_vóc thô quá,vải_vóc dày . from đẹp,vải_vóc hơi bóng
độ bền,27,độ_bền cx tạm ổn,độ_bền dịch_vụ bán hàng tôt,"set này cũng bth , độ_bền phù_hợp giá tiền thôi"
cây chổi,27,cây_chổi ok đẹp bó sát thoải_mái,"cây_chổi hơi to và nặng , mới xài thử vài ngày thấy ok , sạc vào pin lẫn vào máy đều khá nhanh",cây_chổi y hình
đường may,26,có mỗi đường vắt_sổ . phải đi trần lại đường may nữa,"tuy bị sứt chỉ , đường may nép gấp không đều nhưng giá_như thế hợp_lý rồi",đường may ẩu ạ
wifi,22,"Mua cho em nhỏ, người lớn rất hợp lý, vừa túi tiền nữa, cấu hình vầy là quá ổn rồi, đừng đòi hỏi nhiều với cái giá đã bỏ ra, muốn chơi game, nhiều ứng dụng thì xìa ra thêm nha ^^. Ở xa nhà nhưng chỉ cần order online là được phục vụ nhanh chóng, tận tình tại gia, luôn thích dịch vụ của tgdd, dmx. Trong nhà toàn dùng hàng từ đây. Sự lựa chọn tin cậy. Về Nokia C2 chất lượng hình ảnh gọi video được ""cà"" đẹp lung linh nha, bắt wifi khá tốt( vì dùng ké từ nhà kế mà vẫn ổn hihi), mua tặng cậu em nhỏ nên không được trải nghiệm nhiều :v","Tính ra thì quá tệ so với tầm giá 😃
Độ mượt kém
Bắt wifi siêu kém
Cảm ứng không nhạy
Cảm biến vân tay + khuôn mặt quá chán
Mới mua đt chưa đc 1 tuần mà muốn đổi đt khác r
Dù s vớt lại dc cái tgdd dịch vụ lúc nào cũng good 😃",Vsmart joy 3 nhà sản xuất đã gửi bản cập nhật sửa chữa các tính năng r nha các bạn bắt wifi bao mạnh
hài lòng,22,nói_chung hài_lòng,"tôi không hài_lòng chút nào , quá thất_vọng",mình không hài_lòng
gói hàng,22,shopee gói hàng rất cẩn_thận,gói hàng kĩ,gói hàng còn bị dơ và móp méo
dài,18,dây hơi dài,tay_áo quá dài,nên mặc chỉ được 1 time chứ dài lâu hơi khó
rách,18,có bị lỗi và rách 1 chút ở hai bên nách,mua 3 cái nhưng bị lổi 1 cái bị rách . bên ngoài là made thái bên trong thì china,nhưng phần ren tay của mình bị rách
son,17,lại còn được chị chủ shop tặng kèm son mini handmade,thỏi son nhỏ,son có màu hồng cánh_sen hơn là đỏ
mùi,16,mùi thơm mình có nhìu chai không có tinh_dầu no no,mùi hơi kinh,mùi không thơm lắm như lúc trước mình mua
ảnh mẫu,15,ảnh_mẫu sao hàng_vậy,"không giống như ảnh_mẫu chất vải hoàn_toàn khác , thất_vọng quá",ảnh_mẫu in không giống ảnh cho lắm
form áo,15,mỗi tội form áo hơi dài với rộng so với mình,"form áo xấu lắm , mặc lên như tá điền , chỗ tà_áo bên dưới rất dài chứ không ngăn như ảnh mẫu mặc , bảo sao thấy quay clip gập đôi áo vào",form áo nhỏ chứ không phải áo dáng rộng
ngắn,14,"sao găng_tay thực_phẩm cổ_tay ngắn thế , chỉ đeo đủ bàn_tay",hơi ngắn tí,yếm đen hơi ngắn
sóng,14,"Dùng được 5 tháng r.
Càng cập nhật máy càng thấy lag, đang gõ tìm kiếm cứ bị out. Gõ 3 4 chữ mà mới xuất hiện 1 chữ.
Sóng đt thì 2 vạch.
Wf bắt cũng kém.","E mới mua sài tốt... Nhân viên tư vân nhiệt tình.
Bắt sóng 4g mạnh... wifi ổn...",quá tệ máy ko tải dc ứng dụng mà mới mua chưa dc 1 tháng đề nghị xem lại. mạng thì lâu lâu thì mất sóng .còn lại cx ok nhưng cần khắc phục lỗi mạng và ch play nhân viên phục dụ cũng nhiêt tình
lần,13,lần đầu_tiên mua shoppe mà bị lừa như_vậy,lần đầu mua hàg ưng lắm ạ,lần đầu xài nên không bik so_sánh với loại mua trong siêu_thị
khóa,13,đề_nghị ban quản_trị hệ_thống rà_soát lại lỗi hệ_thống hay gì đó đi voucher miễn_phí vận_chuyển shoppe phát cho người không_thể sử_dụng áp_mã vào là bị lỗi f02 khóa tài_khoản người dùng luôn tôi rất thất_vọng về phần_mềm của nhà phát_hành,ứng_dụng quá tệ đăng_nhập tk toàn bị khóa ul00 là lỗi mẹ j gửi đến phản_hồi thì chả thấy mẹ j,nhưng ngăn_kéo khóa ít
vân tay,12,"Loadd   ứng dụng thì mất tầm 10  S
 Cứ  đơ  đơ  làm sao  á       k thoát ứng dụng  vào lại  lại loadd  từ  đầu    chưa nói đến chơi game
 K có vân tay   
 5.000  k có  sạc nhanh   6  tiếng 99%    nóng quá chơi  game  nặng
   2  gb  gì  load  ứng dụng 13  mb      15  S   chậm  quá mức",Sau cập nhật ngày 25/10 vân tay nhận diện khá là ok nhưng chơi game lag qua đặc biệt là game pubg,"mới mua được 9-10 ngày rồi, mới đầu thấy hơi giật giật, nhưng cập nhật mấy hôm nay xongl à ngon lành, cảm ứng mượt mà, vân tay cũng nhạy, quá ngon luôn"
xinh,12,còn tặng thêm quà nhỏ xinh,xinh lắm ạ,100 mấy th nhưng chuẩn ullzang và xinh lắm iu iu
chip,12,"Tuyệt,rất kết con này,vừa túi tiền. Thích con này do chip Snapdragon 730,xử lý tốt mọi ứng dụng. Chụp hình cận cảnh,điều mình cần có.",Đến bây giờ vẫn còn mức giá 15 triệu. Chắc muốn giữ tồn kho làm đồ cổ rồi hả tgdd. Với con chip tầm trung tầm này còn giá đó thì đến thua blackberry rồi,"giá quá chát màn thì hd+ , chip thì cũng phải snapdragon 675 hoặc snapdragon 710"
chat,12,chat luog không tot nk,chat luing bt,chat luong binh thuong
chật,12,hơi chật,nhưng mình mặc hơi chật ở bụng,chật ở cánh_tay
giấy,11,giấy dày,giấy quá xấu,ban_đầu mình còn tưởng rửa tay xong nó còn mảnh giấy nhưng mà nó rã luôn
đầm,11,"đầm rất đẹp , form đẹp , vải cũng đẹp","đầm đẹp , chất vải ok","đầm đẹp lắm nha , y hình luôn"
chưa,11,chưa gửi cho mình cái này,chưa nhan được hang,chưa biê tôi châ tôi lươ ng thê na o
nói chung,10,nói_chung là tuyệt_vời,nói_chung là tốt,nói_chung tạm được
minh,8,minh phin rui ma_sao roi van nhiều,minh không thay km quan,minh mua giùm bạn mình gần 20 cái rồi
dùng,8,dùng hiện_tại thấy oke,dùng được,"dùng thử combo giảm_giá thì thấy vậy thôi , chứ thường thì ăn rất oke nhak"
san,8,san pham chưa dung nen chưa danh_gia,san pham 0 giống hang da dat_vi the so mua do tren mang luon,san pham cung được nhung ma_bi do
lon,8,có cái dây trong để trong bao nylon nhỏ hơi bị nhàu nhưng mình ít dùng dây trong nên cũng chấp_nhận được,nhu lon dung may ngay la hong,nhiều nilon
hang,8,hang thai lan sản_xuất tại trung_quốc,hang nhan nheo không doi hang cho khach . hang_ko co tem,hang qua dêu không giống nhu hi nh đặt
cây,7,chỉ tiếc là cây hơi nhỏ nên sử_dụng treo đồ nhẹ thôi,nếu shopee cho thêm cây kim chọt để lấy thẻ_nhớ hay sim thì oke,không giống như như cây mình mua ở ngoài
đàn,7,đàn xinh lắm,nhưng mà shop nói có tặng kèm dây đàn mà mình nhận được không có ạ,"đàn đẹp tuy có lỗi nhỏ nhưng không đáng_kể , đàn âm tốt"
sạc,7,"Sản phẩm ở mức tiền như vậy là dùng đc
Giá như có sạc nhanh thì tốt hơn
Mơi đúng thì thấy bin ổn","sản phẩm bảo hành quá tệ. Mới mua được 2 tuần thì không tắt được nguồn. Đem đi bảo hành thì báo hư chân sạc, phải nộp 500K mới sửa chữa. nản===>>> Đang trong thời gian trả góp. Lừa đảo",sạc kém
kiểu dáng,7,"sáp khử mùi thì dán nhãn hời_hợt , kiểu_dáng cho có , nhìn cứ như hàng fake ấy","kiểu_dáng váy thì đẹp , nhưng mặc mùa hè thì nóng , không thấm mồ_hôi","kiểu_dáng đúng mô_tả , tuy_nhiên quá mềm , không có độ cứng của khung túi , nên kém sang"
dép,6,chuột chạy mất dép haha,shop giao nhầm dép,"dép đẹp , chất_liệu tốt , đáng đồng_tiền"
dep,6,dep lam nha_ban,dep nhung chat dui qa,dep nhu hinh
nóng,6,khoảng 10 phút thì cục chuyển_đổi hơi nóng,độ nóng rất kém uốn mãi chẳng cong,nóng nhanh
ưng ý,6,nói_chung là quá ưng_ý,cực_kì ưng_ý,rất ưng_ý ! !
màu sắc,6,màu_sắc đúng như hình,nhưng màu_sắc thực_tế không giống với màu trên ảnh,màu_sắc hơi đậm hơn trong hình một_tí nhưng ổn
châ,5,châ tôi lươ ng vư a vơ i gia tiê n,"châ tôi va i mê mình ma_i , mă c thoa i ma i nhưng chi sơ sau bi xu va i thôi",châ tôi va i đe_p
chữ,5,chữ in dễ tróc ra,chữ in mờ khó đọc được . ! !,chữ in nhỏ
nhìn,5,nhìn lại thì đường chỉ may chỉ có đường vắt_sổ,nhìn mong_manh quá,nhìn như mấy cô y_tá
phom,5,phom hơi rộng,cứ nghĩ mình là vừa mà phom nhỏ quá lại không ních được,phom xấu
size áo,5,size áo quá nhỏ,"chủ shop nhiệt_tình , còn đổi lại size áo cho mình",không đúng với size áo thông_thường đâu
mẫu mã,5,"sẽ tiếp_tục ủng_hộ , mong shopee cập_nhật nhiều mẫu_mã hơn nữa hihi",mẫu_mã để thi đẹp khi giao hàng còn thua cái ao chó của tui nữa,giao hàng chậm vl không đa_dạng mẫu_mã như shoppe không giao hàng mà cũng không cho hủy hàng
mềm,5,"mềm mịn co_giãn tốt , mặc thích thật_sự ! !",không mềm lắm,"khăn mềm , thấm hút tốt"
ram,5,Giá quá mắc . Con này nên bán giá tầm 3.2 triệu là vừa còn bản 3G ram thì dưới 3 triệu mới hợp lý giá .chứ sao mà lại anh vsmart,Ứng dụng hằng ngày chưa ổn định ram 8 nhưng đa nhiệm kiếm vào ứng dụng chậm chíp 665 vs giá gần 7 tr là wa yếu chỉ chơi game ở mức bình thường nếu quay lại tui sẽ mua redmi note8pro đến h vẫn chưa lên đc android 10,Tốt... Xứng với tầm giá... Có điều tương tác không được nhanh với cấu hình ram 6G
bao bì,5,bao_bì móp méo . lưu_ý thêm nhé,bao_bì mời rất ok,bao_bì qua_loa không có_hạn sử_dụng
dây đeo,5,"tuy_nhiên khoá móc bị mất 1 cái , các dây đeo đều lỏng giặt là tuột ra khỏi áo , nên khắc_phục",mới lấy mà dây đeo đã đứt,dây đeo không điều_chỉnh được độ dài
mong,5,mong ad điều_chỉnh lại,mong sẽ hết liệu_trình sẽ giảm được về số cân mong_muốn hihi,mong là giảm kg nhiều nhiều chút nữa
nhiều,5,nhiều chỉ thừa và lệch,còn nhiều keo và đường viết bạc,"nhiều nạc , với giá_cả nv thì chấp nhânn được"
sao,5,sao giống 100 được,sao mih mua nua không được vậy b,sao nay dam nay co 85 ngàn vay ban
dây,5,"dây mê mình đe_p , đeo ôm tay",nhưng dây kéo hơi bị rít khó kéo,dây dai hơi nhỏ
màn,4,"Tậm giá này mà vẫn HD+ trong khi màn 6,5in
Xem nhận xét toàn nv phán haha cười thiệt","Hôm nay vừ làm 2 em xong nhé,về cập nhật xong dùng mượt miễn chê,màn HD to xem phim cũng nét nữa.",Cũng tạm thôi mọi người ạ cấu hình ko mạnh so với tầm giá màn chỉ hd chụp ảnh bình thường nên chỉ cho 4 sao
chắc,4,chắc phải đem sửa,chắc phải 2xl mới thoải nái,chắc đl người mặc thôi nên mình sửa lại cao lên xí
hôi,4,hôi kinh_khủng,tuy_nhiên mùi còn hôi,nhựa bình sữa rất hôi
giờ,4,giờ để không cho con mèo lên lắc,giờ đổi tới l rồi thì hết cách luôn,giờ về không có phần đề nới ra
đường,4,đường chỉ lộ rõ ra ngoài,đường chỉ may không tốt,"đường lai ao xâu wa , mac hoi chat"
ly,4,shop lại giao lyly,ly gì toan bố,"xé 2 bên thùng sữa ra , để ly vào trong , để sữa ra hai bên thùng sữa đã mở"
dày dặn,4,len mịn và dày_dặn,"dày_dặn , co_giản tốt",dày_dặn nhưng giặt bị phai nha
sách,4,sách ok lắm ạ . in rất rõ net,sách hoi bi cong gáy mot chu_t,đặt_hàng và thanh_toán từ 1 10 đến nay 14 10 vẫn chưa giao trong khi hẹn 9 10 là giao nếu không vì mua sách thì còn lâu mới mua tiki lần đầu cũng như lần cuối
chán,4,chán quá !,chán,chán thất_vọng
lấy,4,"lấy đại khỏi mất_công đổi , nhưng không vui",lấy e thêm cái,lấy 10 chiếc mà 3 cái không phải len tăm
vai,3,vai tho cai trang mac vua cai den nho xju mau trang nhjh do,vai nong . không dep,vai cứng mac không eo
mọi,3,mọi người yên_tâm order !,mọi người hãy cân_nhắc kỹ trước khi mua,mọi người hãy tin_tưởng và mua dùng
đặt,3,đặt 3 cái,đặt hnay ngày_mai có ngay luôn,đặt mua 4 lót gót để dán chống rộp gót cổ_chân thì gửi 4 lót đế bàn_chân
mic,3,"Mua cho cha dùng nên cũng chưa dùng nhiều,hủ yếu nghe gọi. Chỉ có điều thế giới di động tính tiền gian gian thế nào ấy. Mua vsmart yoy3 2tr690 lỗi về mic,nhân viên ko chịu đổi,mình phải đổi con này 2tr690 bù tiền 20% là 540k.nhưng nó ko tính vậy,nó bảo con trc 2tr690 trừ 285k tích lũy còn 2tr405.bây giờ lấy 2tr690-(2tr405-20%.2tr405)=766k.là phải bù 766k.mất hết thiện cảm mua hàng nơi đây",sạc thì chân micro ngắn dễ bị tuột ra khỏi máy nếu vừa sạc vừa dùng,mic quá nhậy bà chuẩn
bình,3,bình có chữ pc làm bằng nhựa này không an_toàn,bình đựng lục_lạc méo_mó,bình thươ ng
nghe,3,nghe mọi số bạn review nói là khô môi,nghe review miêu_tả ghê_gớm lắm mà,nghe được 1 ngày sau thì 1 bên to 1 bên nhỏ
ưng,3,ưng ơi là ưng,ưng dể sợ à,ưng lắm ạ
thơm,3,thơm ngon,thơm lắm,thơm mùi cafe sữa lắm
đổi,3,đổi sang rêu,đổi qa cục này qá êm,đổi hơn 1 tuần rồi mà vẫn chưa có
sử dụng,3,sử_dụng không khác gì vè mua tại_chỗ,sử_dụng tiện_lợi,sử_dụng được mấy hôm tượt nhẹ từ trên ghế 5cm xuống nền nhà nứt cường_lực
giặt,3,giặt xong nhăn quá,giặt xong là 2 bàn_tay cũng đen theo luôn,giặt 1 lần mà xù hết lên
quan,3,quan gen ma to qua chang gen bung được,quan tem mac tq nhung ảnh va tieu đề ghi quan xuat khau,quan không co tui truoc
nút,3,"nút tắt bị liệt , đèn không sáng",nút tắt không ăn,"nhưng nút thì không chắc_chắn , mới mặc thử đã bị gãy mất 1 nút nên để an_toàn chắc phải đi thay hết nút cho chắc_chắn"
tay,3,tay mjnh hơi nho so voi dong ho roi,tay cầm_hơi lỏng,tay a o may hơi â u
tay áo,3,tay_áo rất khó cử_động,tay_áo không thêu,tay_áo phồng to so với mình
âm thanh,3,tai_nghe âm_thanh rất kém,Mình vừa mới mua nên ko đánh giá được nhiều nhưng có 1  điều là :. âm thanh dở quá nhỉ.rè rè thế nào í.,"khá đẹp , nhưng thật_sự âm_thanh không to"
mát,3,mát,mặc thử thấy rất nhẹ và mát,mặc rất thoải_mái thoáng mát
box,3,vì vận_chuyển nên hư box mất tiêu,box thì bị nát,"hơi thất_vọng vì box không phải box vans , giày đẹp"
gia,3,gia tot,"gia tot nhug tui nho qua kho su dung , mac du sot tac nho nhug van không vua",gia hơi cao_ty
nguyên,3,nguyên tag mác pass lại 100k bạn nào có nhu_cầu ib mình nhé,nguyên một viết mực lớn . 3,nguyên seal
vãi,3,vãi day,vãi thật,vãi mõng_vá
mang,3,"mang đi mưa mà vẫn ướt như_thường , dây buộc không bó sát chân được",mang bị đau chân,mang êm chân lắm nè !
quâ,3,quâ n hơi to,quâ n đe_p da ng thun gia jeasn không pik giă tôi co bay ma u không nhưng vơ i gia na y la qua tô tôi,quâ n qua đe_p so với gia tiê n
rat,3,rat kem,rat tuyet voi,rat dep lun
đáng,3,đáng nhẽ là không được nào ấy ạ,đáng mua,đáng để mua
hy vọng,3,hy_vọng bền !,hy_vọng giặt đi sẽ hết mùi,hy_vọng đk như review
bộ nhớ,3,"Giá rẻ nhưng thiết kế đẹp, bộ nhớ trong , ram cao. Phù hợp mua cho con học trực tuyến trong mùa dịch","Con này chip yếu,  bộ nhớ chậm,  dùng được 1 tgian là lag giật đấy mọi người ơi. Ngoài ra vỏ nhựa rất mau tã. 
Cùng tiền này mua Realme 5 pro,  Redmi Note 8 pro hay Mi 9 lite ngon hơn nhiều.","Sao ghi là Bộ nhớ 32GB mà mở lên chỉ 20GB xong chỉ tải những app bình thường để lướt web giờ chỉ còn 16GB . ( chưa tải game nặng để choi nữa) 
   Phải mua thêm thẻ nhớ 32GB"
sáp,2,sáp không có tác_dụng mấy,sáp loại nào cũng thơm,
thật sự,2,thật_sự nhìn kém sang hẳn,thật_sự thất_vọng,
date,2,"date còn mới , chưa sd nên không biết có tốt không",date sản_xuất mới 16 10,
trông,2,trông cho trời lạnh để diện em nó,trông nhỏ quá,
coi,2,coi như bố_thí cho cân thịt,coi như là bỏ,
ống,2,nhưng ống thì vặn_vẹo,ống tay bị bé,
nhung,2,nhung ma mac ban dep,nhung chiê c ao babidon mau hồng bi 1 loi nho,
lưu ý,2,lưu_ý là giới_thiệu dành cho những bạn dưới 55kg nhưng mình 47kg mặc thấy khá ôm người rồi nên ai trên 50kg cân_nhắc nhé,lưu_ý cho những bạn mua sau,
cứng,2,dây hơi cứng,"nilon không thấm mồ_hôi , cứng",
con,2,con hạt mần thịt ăn rồi hả,con mình rất thik,
tưởng,2,tưởng là phải to lắm,tưởng hồng chứ tím già qá huhu,
mạng,2,mạng chạy chậm quá,mạng lúc có lúc không,
tiếc,2,tiếc quá,tiếc phần đế chưa được gia_công tốt,
đúng,2,đúng là sai sự_thật,đúng hang quảng_châu cao_cấp,
làm ăn,2,làm_ăn không ra_gì,làm_ăn không có trách_nhiệm gì cả,
check,2,"check mã code không ra , nên giờ đang băn_khoăn không biết thật giả như_thế_nào",check code đúng,
chi,2,chi co mot dau cap sac thoi,chi tiê tôi ma u đen bi ra ma u_râ tôi nhiê u khi giă tôi,
đep,2,đep ma hoi rông,đep lam,
ban,2,ban hang không uy tin,ban dua quan kem chu dau phai quan trang,
mỗi,2,mỗi tội hơi kích nách,mỗi tội hơi nhiều chỉ thừa,
thất vọng,2,thất_vọng mất hết_lòng tin,thất_vọng,
thiếu,2,thiếu nhiều miếng dán,thiếu phần cúc luôn,
kem,2,kem mịn nhưng độ che_phủ thấp,kem ngon tuyệt,
khác,2,khác xa so ảnh,khác hoàn_toàn ảnh,
bỉm,2,bỉm dùng chán,bỉm cg được nhưng có mùi ngủi rât kho chiu,
fom,2,fom đẹpi,fom a o hơi nho,
nhận,2,nhận được rồi nhưng có chỗ xước,"nhận ba_lô không ưng , chỉ có ví nguyên_vẹn vì có ép cũng không biến_dạng",
moi,2,moi nhin thay dep không biet dung co bi den không,"moi xem qua cung thay ưng , con chat luông phai dung da",
loại,2,"loại bỉm này thấm hút không tốt , dễ bị tràn bỉm",loại gì,
tai nghe,2,Quá tuyệt trong tầm giá.chí thiếu mở khoá bằng tai nghe Bluetooth. Tịnh năng có nhưng chưa ad đựoc. Chờ cập nhật...,"Mua đt đc 1tháng thì nỗi ko nhận tai nghe,đổi em khác đc gần tháng thì nỗimên đành gửi hãng bảo hành thay mên mới,tới nay 6 tháng rồi chạy vẫn ổn định,mình mua lúc giảm còn 5990k ,,,ko biết giá giảm thì chất lượng cũng giảm theo hay sao ấy,mua 1 con mà trong 1 tháng đổi 2lần....ko biết có bạn nào đen như mình ko vậy?? Mua ở tgdd kẻ sặt (nhân viên nhiệt tình chu đáo)",
màu son,2,màu son lên nhỉnh hơn với 08 thôi so bảng_màu hình đăng cuối sản_phẩm của shop,"màu son đẹp , mùi son rất thơm , chất_lỏng nhưng khi khô lại rất lì",
hoa văn,2,hoa_văn nhòe không sắc nét như ảnh,"hoa_văn xinh va i luôn , ca mình gia c không gia ti na o",
chấp nhận,2,chấp_nhận,chấp_nhận được ạ,
sau,2,sau rút kinh_nghiệm nha,sau đo đưa_ma ha ng cho kha ch tư tra,
hiệu năng,2,Thật không ngờ sản phảm giá tầm trung mà hiệu năng tốt đến vậy.,Quá thất vọng số về tầm giá và hiệu năng chỉ đáng xách dép Xiaomi note 9s.,
thuốc,2,thuốc mệt quá,thuốc bị chảy,
cung,2,cung tam_dc,cung được,
tam,2,tam on . sai mình to qua,tam đuợc đường mày không đuợc chắc_chắn,
hợp,2,hợp với ja tien . xai được,thích_hợp cho da sáng trung_bình,
bảo,2,bảo lấy 1 rêu 1 ghi mà_lại gửi 2 rêu vậy bạn,bảo siri l gửi siri mình,
hoi,2,hoi mong_manh so voi trong hinh anh,hoi thật vọng,
sáng,2,"sáng nay nhận 2 đơn , 1 đơn mĩ_phẩm mua 5 gửi 3",sáng hơn xenon,
phom áo,2,phom áo_rộng,xấu và nhìn phom áo chán đời luôn,
lên,2,lên môi mượt,lên tone nhẹ,
tôi,2,tôi thề,tôi muốn đổi trả có được không ?,
mac,2,mac hoi rong,mac ao thi rat dep nhung day mac hoi kho chui,
excellent,2,excellent product quality,excellent delivery speed excellent delivery speed,
kha,2,"kha ch hang bao doi tra thi chang ý kien gi , bơ_di",kha ưng,
mik,2,mik cao 155m năng 44 kí thôi bạn,"mik dùng thuoc được 3ngày và giảm được 3kg . vì 1ngày giảm mất 1kg nên cơ_thể mik không chịu nổi , và mik đã ngưng thuoc . thuoc buổi sáng cho mình cảm_giác no không muốn ăn . còn thuoc buổi tối thì là giảm cân",
noi,2,noi chung mua ve chi lam re lau,noi tom lai xau hon trong hinh,
dán,2,dán khó và không khít hẳn nhưng được cái rất dính,dán lên rất ăn và nhanh d,
cam,2,cam nhan dau tien la thich,cam on,
chắc chắn,2,chắc_chắn,chắc_chắn sẽ mua tiếp,
viền,1,viền cổ và bo tay đều không có,,
tiện dụng,1,tiện_dụng,,
đầu,1,đầu quay quay,,
hay là,1,hay_là mình bỏ 1 viên ít quá,,
xài,1,xài tạm được,,
ai đời,1,ai_đời lại bán xịn hơn trong hình_vậy,,
mieng,1,mieng xop chui kha mong_manh,,
cùng,1,cùng set nhưng cái to cái nhỏ nên trừ 1,,
dinh,1,dinh không noi,,
qua,1,"qua vu nho , 36 ma chi nhu 34 thoi",,
giận,1,giận !,,
case,1,trên case khôg có logo xiaomi,,
tem,1,tem mác không rõ ràg,,
tâc dụng,1,"tâc_dụng khá tốt , chỉ chưa biết là giữ được bao_lâu",,
chịu khó,1,nếu chịu_khó đi sửa thì có_thể mặc được,,
dởm,1,dởm,,
hồnh,1,hồnh thì nhỏ,,
ren,1,ren gợi_cảm,,
bàn,1,bàn bị mẻ ở góc,,
bản thân,1,bản_thân tôi đã gặp !,,
hi hi,1,hi_hi,,
kích thước,1,kích_thước cũng không được to,,
dong,1,dong goi dep,,
gần,1,gần 1 năm chứ nhiu,,
thiết kế,1,thiết_kế không bắt_mắt,,
co dãn,1,co_dãn tốt,,
bạn,1,bạn nào còn suy_nghĩ thì cứ mạnh_dạn nhé !,,
đến,1,đến lúc hỏi giải_quyết thì vẫn không nhận được lại một lời gì cả,,
miếng,1,"miếng này dễ hỏng lắm , chả biết nên dùng vào việc gì",,
phi,1,phi mình chi nh đô ng hô giây,,
điều,1,điều này mình không hài lòg lắm,,
trên,1,trên giâ y co di_nh 1 lơ p keo la mình mâ tôi đe_p,,
hình ảnh,1,hình_ảnh không đk sắc nét lắm,,
tại sao,1,tại_sao ? !,,
ban đầu,1,ban_đầu cho 3 sao,,
lừa,1,lừa ngta,,
moahh,1,moahh,,
bức xúc,1,bức_xúc mỗi việc bọn shoppe lm ăn vớ_vẩn rất,,
test,1,"mình test thử ở phần mắt thì che_phủ tốt , không có tác_dụng nhiều trên vết thâm mụn",,
đag,1,mình đag đặt mua cái thứ 3,,
nhin,1,nhin cuq duoc nhuq hk ung lam,,
hehe,1,hehe,,
phơi,1,phơi nắng rồi mà không thấy sáng,,
feedback,1,feedback thay cho 4 miếng mask nhé,,
thay,1,thay vào đó là mác đã cài kim_băng,,
sướng,1,sướng,,
bắt,1,bắt phải nhận lại,,
chả,1,chả pít tem bảo_hành ở đâu,,
bóc,1,bóc ra xong mới xem_lại made in china ?,,
cục,1,cục sạc hỏng ngay từ lần đầu sử_dụng,,
hag,1,"hag zua dep , zua re",,
yeu,1,yeu cau doi không doi,,
1m55,1,"1m55 50kg mac không vua , phải 60kg 1m6 moi vua",,
haha,1,haha,,
kinh tởm,1,kinh_tởm,,
bikini,1,bikini xuất_sắc luôn,,
bản,1,bản hơi nhỏ so với bình_thường,,
bơm,1,bơm yếu,,
cạn lời,1,cạn_lời,,
dog,1,dog gói bt,,
61kg,1,mình 61kg mà mặc xxl mèo vẫn vừa luôn,,
phần,1,phần sắt bị tróc sơn,,
nach,1,nach hơi rông,,
miễn,1,miễn chê,,
cảm ơn,1,cảm_ơn vì món quà nhỏ_nhắn,,
thu,1,thu ng đư ng to nhưng co thê do vâ n chuyê n nên đê n tay kha ch xô p_na tôi hê tôi,,
ghê vch,1,ghê_vch,,
đóng hộp,1,"giá rẻ , đóng_hộp rất cẩn_thận",,
răng,1,mình sài 7c và răng trắng hơn ban_đầu rõ_rệt,,
hnvcc,1,hnvcc,,
toi,1,toi thich san pham,,
hợp ý,1,hợp_ý mình,,
hành,1,"hành nguyên tem nhưng sao lắc lắc cứ cảm_thấy ít ít , được khoảng 2 3 chai ý",,
đối với,1,đối_với nam hơi body,,
phù hợp,1,phù_hợp với giá_thành,,
gửi,1,gửi trả lại bằng cách nào . tôi chấp_nhận mất coi như mua nhầm chổ_vậy,,
binh,1,binh thuong,,
kẹp,1,kẹp bị gựt tóc xíu,,
sice,1,sice s nhưng to quá,,
điên,1,điên quá,,
mắt,1,mắt lòng tin,,
khg,1,khg nên mua,,
lót,1,lót nỉ chứ không phải lót lông,,
hỏi,1,hỏi thì bảo không biết nhận được hay chưa,,
thun,1,thun ngay tay dãn nữa,,
gjao,1,gjao không đúng mau,,
tôtd,1,tôtd,,
thjk,1,thjk wa ah,,
ưngg,1,ưngg,,
hảo,1,hảo,,
hjhj,1,hjhj,,
chuyển,1,mà chuyển sang hồng nhiu hơn đỏ,,
chừng,1,chừng 3 lần giặc máy chắc không mặc được nữa,,
một số,1,một_số chỗ bị xước,,
béo,1,béo hơn mua là thành bóp_mỡ ngay,,
muốn,1,muốn trả lại !,,
hai lòng,1,hai_lòng,,
bé nhỏ,1,"bé_nhỏ cũng có_thể dắt xe , nhấc xe lên để chơi",,
cảm thấy,1,cảm_thấy không vui khi hnay xem hang,,
vui,1,vui lỏng cho đổi pin,,
dù sao,1,dù_sao vẫn rất ưng,,
bye,1,bye,,
ngay,1,ngay cạnh nhà luôn,,
zie,1,zie thì không giống mình bảo,,
mui,1,mui hắc khó ngui,,
kích,1,kích thươc chuẩn chỉ có 42 thôi không phải là 44,,
đeo,1,đeo kích chân,,
cám ơn,1,cám_ơn món quà của chị nha,,
sơn,1,sơn dễ thw . nhưng hơi khô môi,,
mơi,1,mơi mua vê chưa kiêp măt nưa . day kéo hư rôi,,
sài,1,sài rất tốt,,
nhug,1,nhug 49 kg mac không vua,,
thành ra,1,thành_ra phải đi đâp lại nữa,,
khốn nạn,1,khốn_nạn vcll,,
goi,1,goi hoi mê mình,,
ncl,1,ncl rất ưng,,
ngại,1,mà ngại đổi trả hjc,,
định,1,"định đánh_giá 2 sao rồi , nhưng ib bạn ý xong , mình đổi ý",,
băng,1,băng đo nhỏ quá,,
mún,1,mún mua nữa,,
tam dc,1,tam_dc,,
that,1,that vong kinh khung,,
cầm,1,cầm nặng_tay,,
ngăn,1,ngăn hơi nhỏ,,
the,1,the color is a little dark than pictures,,
gói,1,gói thì rất chắc_chắn,,
nhà,1,nhà tui kiến nhiều khủng_khiếp lun á,,
cách,1,"cách đây gần tuần , mình mặc đúng 1 lần",,
gia y,1,gia_y đe_p kinh khu ng khiê p . ma ng êm chân va i,,
đừng,1,đừng để bị lừa như mình !,,
very,1,very wud,,
hẹn,1,hẹn 7 10 ngày nh đặt tận 14 15 ngày mới có,,
vaj,1,vaj xau lm nhin nhu ao cu vay,,
đề nghị,1,đề_nghị trả nhưng không được thông_qua,,
hic,1,hic hic,,
xin,1,xin ca mình ơn,,
khỏi,1,khỏi phải mặc đôi,,
buô,1,buô n qua,,
hai,1,"hai đâ u_tha o rơ i được nên thay vô ra vô cu ng tiê n , lưu y nhơ că p ngo c đê gă n không bi cư ng ghim",,
hiện tại,1,hiện_tại nghe to rõ,,
tạch,1,tạch,,
siu,1,siu xink lunn,,
thực phẩm,1,thực_phẩm ít lắm !,,
nặng,1,nặng 45kg nhé,,
tấm,1,tấm gray bị gãy 1 xíu,,
kho,1,kho sai wa,,
quần lót,1,quần_lót mặc 1 lần vậy cũng được,,
46kí,1,46kí nhưg mặt khôg vừa,,
chât,1,chât luong kem vai xau may thi thô,,
vay,1,"vay hoi ngan , ren mong",,
quáaa,1,quáaa xịnn luônn,,
siêu thanh lịch,1,siêu_thanh_lịch,,
trả,1,tôi trả lại bằng cách nào ?,,
cạch,1,cạch luôn,,
lươ,1,lươ tôi shopee nhi n gia . mi nh nghi no re vâ y chă c chă ng ra gi,,
thân,1,thân !,,
keo,1,"keo viê n da không chă c chă n , ca o la tro c ra",,
tot,1,tot,,
chư,1,chư loa i da y dă n thi gia kha c rô i,,
thẻ,1,thẻ không nạp được,,
banh,1,"banh bị xì , bơm mãi không căng",,
orthe,1,orthe nhưng cũng nha,,
fix,1,fix full lun,,
mặn,1,mặn mặn cay_cay,,
kiê,1,kiê u giô ng hi_nh,,
huhu,1,huhu,,
bin,1,bin cực khủng được gần 1 tuần luôn,,
hết sức,1,hết_sức vừa_ý,,
dưới,1,dưới đây là ảnh thật mà e chụp ạ,,
day,1,day dep chat luong cung on,,
tội,1,tội cái lì đúng nghĩa á lau mãi mới hết,,
lớp,1,lớp lót chuẩn,,
đóng,1,đóng xong thấy mỗi bịch vụn mất 3 lạng,,
túi zip,1,"túi zip bạc , có gói chống ẩm , thêm cái muỗng nữa , thèmm . có ai_ngờ đó là cám , là cám nghen",,
đợt,1,đợt này không thơm như mỏi lần,,
cuc,1,cuc tot,,
thanks,1,thanks !,,
thẻ nhớ,1,mua thẻ_nhớ như_thế_nào,,
tam duoc,1,tam_duoc,,
bình thường,1,bình_thường thôi mà,,
cap,1,cap vay mong,,
oto,1,oto không có ốc lỏng léo . chắc lần đầu lần cuối,,
lạp,1,lạp sườn hơi mặn phải ăn với cơm,,
60kg,1,60kg mà mặc bị bó,,
đe p,1,đe_p,,
kiến gió,1,"kiến_gió nhà mình không ăn , nên không đuổi được kiến",,
dòng,1,dòng chữ bị nhòe,,
sai,1,nhưng sai 38 lần này bé quá không mặc được,,
gối,1,gối hơi nhỏ,,
tóc,1,tóc quá ít sử_dụng lộ hết tóc thật,,
lau,1,"lau thì sạch , mà chạy hơi lộn_xộn , chắc chưa quen",,
nhà hàng,1,nhưng nhà_hàng làm_việc rất chán,,
hơn,1,hơn 80kg mặc vẫn rất thoải_mái,,
jum,1,jum chi mà bé 10kg bằng cái jum đùi đang có,,
thi,1,thi moi vua a,,
khuy,1,"khuy không chắc_chắn , chưa kịp cài đã rơi ra",,
còi,1,còi nhỏ quá mà không xa,,
len,1,len hơi dão,,
tiê,1,tiê n na o cu a đo ca mình ơn,,
tương đối,1,tương_đối,,
quần áo,1,"quần_áo may đùi bó sát , mặc không thoải máii huhu",,
kcn,1,kcn này xài ok lắm,,
túm,1,túm lại cho 5sao,,
tră,1,tră ng hơi nga xa m_nhe,,
lởm,1,lởm,,
nan,1,nan quá,,
bóng,1,bóng bị méo,,
kính,1,kính dán khoảng 1tuần là bụi bám đầy camera trước,,
làm sao,1,làm_sao ? ?,,
giô,1,giô ng hi_nh nhung đuong chi may không chă c chă n,,
xuất sắc,1,"xuất_sắc , sẽ quay lại",,
kiwi,1,kiwi ngon,,
bao bọc,1,bao_bọc rất cẩn_thận,,
bực mình,1,bực_mình ah,,
kích hoạt,1,kích_hoạt thành_công,,
khó,1,khó đeo vào tai,,
sau này,1,sau_này sẽ ủng_hộ chị tiếp ạ,,
mại,1,mềm_mại,,
bôi,1,và bôi mất 1 cái việc cài trên cùng,,
ngo,1,"ngo c loa i 1 . 7cm , loa i 1cm , loa i 0 . 7 cm , sai sô ti xi u",,
đăng,1,đăng ảnh rõ_ràng từng sợi len đến khi gửi thàng nỉ,,
sỉze,1,sỉze hơi bé chút,,
cskh,1,cskh chưa tốt,,
tầm,1,tầm 1m65 mới vừa được,,
treo,1,treo đầu de bán thịt chó,,
tặng,1,tặng kèm quà nữa,,
chiếm,1,chiếm hết nguyên bàn tiệc lun,,
giá thành,1,giá_thành cao,,
đệm,1,"đệm kính bóng , nhiều mùi keo hơi keo đeo vào cay mắt",,
m60,1,m60 49kg mặc hơi nhỏ một_tí,,
làm,1,"làm bánh cho không mà làm sai loại bánh , vô làm lại thì bánh cháy !",,
bát,1,bát hơi nhỏ,,
đơn,1,đơn 115k lấy 198k,,
động,1,động tí là bong ra rất chán,,
nice,1,"nice style but the fabric is too hard and ửinkled , feel hot to wear it on",,
boss,1,boss thân thiê n lă mình ne !,,
đươ,1,"đươ ng may â u , vơ i gia la 100k thi no i thâ tôi qua đă tôi ngoa i chơ ba n đâ y co va i chu c ca i",,
chia,1,chia sẽ tí kinh_nghiệm với mọi người,,
che phủ,1,che_phủ trung_bình,,
oki,1,oki ak,,
công nghệ,1,"công_nghệ hơi lạ , không biết có bền không",,
bột,1,bột thơm và béo,,
trắng,1,trắng thì bự,,
mật ong,1,"mật_ong loãng , không đặc sánh lắm",,
potay,1,potay,,
cân nhắc,1,cân_nhắc ! !,,
yummy,1,yummy yummy,,
sữa,1,sữa bò tươi không đg . thơm ngon béo tự_nhiên,,
xuc,1,xuc chỉ tùm_lum,,
hihi,1,hihi,,
mất,1,mất tôi mua bực vào người,,
rât,1,rât tốt,,
fair,1,fair product quality,,
mịn màng,1,mịn_màng thoải_mái,,
đằng,1,đằng này bôi xong rát da lại còn bong tróc da nữa,,
lịch sự,1,lịch_sự,,
tóm,1,tóm lại là không có lần sau,,
chờ đợi,1,chờ_đợi quá lâu,,
chủ,1,chủ hoi nho,,
ai ngờ,1,ai_ngờ áo_rộng thùng_thình,,
rồi,1,rồi đem vứt,,
giá cả,1,"giá_cả chấp_nhận được . 3 tốc_độ nhưng chỉ là 1 , có đèn nhưng 0 bật được",,
buôn bán,1,buôn_bán thật_thà dùm đi mấy má,,
manh,1,mỏng_manh,,
yêu,1,yêu shopp,,
lóp,1,lóp bông không dày lắm,,
okey,1,okey,,
chim,1,chim ưng quá đi mất,,
phâ,1,phâ n gen bu ng không ôm,,
tai,1,tai thỏ hơi khó bóp nhưng rồi cũng quen,,
rate,1,rate 5 sao luôn,,
hang k,1,hang_k đe_p không mjn,,
toc,1,toc it qa,,
lừa đảo,1,lừa_đảo treo đầu dê bán thi tôi chó moi ngươ i dung mua ma bi lua,,
đểu,1,đểu,,
tìm hiểu,1,"mình tìm_hiểu tưởng dành cho da_dầu , mà dùng xong mặt mình vẫn ra nhiều dầu",,
chọn,1,tôi chọn mài khác tại_sao lại hai mài giống nhau,,
duog,1,duog may sau nhieu loi nhu hang cho,,
from,1,from bé,,
could,1,could be better,,
