content,score
game rất nhiều người nói tục và từ ngữ xúc phạm khiến cho mỗi khi chơi game không có cảm giác thoải mái,1
mẹ ghép cho toàn đồng đội ngu,1
chơi lúc nào cx thua còn bị toxic đã vậy còn bị ks nữa,1
game lag nhiều,1
hay,5
game như lòn rank đơn ghép toàn sv,1
game vui lắm nên trải nghiệm,5
game ko tối ưu cho người chơi trừ uy tính oan game như rác bị out game liên tục uy tính cũng vậy thu HOK nên qua bểnh chơi mượt hơn tối ưu hơn lồng lộn hơn tốt hơn game rác này nhiều .,1
Tốn nhiều dung lượng,3
hơi lagg vs nó cứ tự tải tài nguyên hơi khó chịu nhưng thích chơi,4
game rác,1
ghép đội ngu như cac,1
ghép trận ngu nhu cho ghép toàn trâu với bò,1
game chơi toàn gặp sv chơi phải tải này nọ lắm game rác cho sv chơi,1
lệch rank,1
"chơi game thua nhiều hơn cả thắng,khẩu hiệu pet bắt phải có khẩu hiệu vàng nhưng nhiều đứa lại có free làm ăn kiểu gì vậy!",1
"lag, ng chs k văn minh, mất acc, nhiều ng vào phá rank",3
dm t bị thoát trận xong dell dc chs bị trừ uy tín,1
hay,5
trải nghiệm cực tệ với game can thiệp tỉ lệ ván đấu khiến người chơi ức chế,1
game hay,5
good game 🤓,5
"Ai xúi game cho một đóng hiệu ứng vô vậy? Hết tết rồi bỏ cái nền bắn pháo hoa dùm cái đi, mong game fix lại lỗi",2
tải với cập nhật tốn quá nhiều dung lượng rồi vừa cập nhật xong bắt tải đồ hoạ này nọ tải đồ hoạ mà vô chơi nó lag muốn banh cái đt với nó xếp lệch rank rồi cho tao đồng đội nhưl,2
game chơi kiểu gì mà ko sài chiêu đc lỗi tự đi chuyển mong game khắc phục,2
đc,3
ghép team như quần game thì lag,1
hay,5
cơ chế ghép đơn chán,2
game buff chp con butterfly mạnh vaiz kăc,1
khá hay và vui và căng thăng,5
Lien quan mobie Cap nhat 2024,5
game khá nhiều trẻ châu thua cái là nói tục nói lại cái bắt đầu phá,2
"game như lol ghép toàn gặp team ngu ,afk,hack game",1
chịu game acc đăng nhập garena cx bị hack ko hỉu vận hành kỉu j,1
Ghép toàn thk ngu thua quài,4
ghép trận như đb,1
hay,5
game như qq toàn hack máp ko,2
game lolll càng đánh càng đổ điên...mẹ game lom,1
nice,5
mía game càng ngày càng xuốg vl ghép trận toàn gặp 4 chân nhiều khi thấy 4 chân còn có giá trị hơn á,1
tạm,4
game hay nhưng bị mẹ gank nên đánh giá 1 sao đề nghị Garena khắc phục lỗi,1
Game lon,1
Game rác toàn bịp ko nên tải,1
oki á :],4
ko vô đồng đều lúc ban pick nên nhìu lúc khó chịu,2
ổn mà trận hơi lâu,5
máy mình yếu nên ko tải gói hình ảnh xong lúc mình đang chơi hoặc thoát ra vô lại thì liên quân tự tải mấy cái mình đã dừng tải xong lúc mình đang chơi thì tự tải xong mình bị văng game trừ uy tính đã rất nhiều lần game tự tải gói dữ liệu mình đã tạm dừng văng và trừ uy tính rất nhiều,1
ghép team như tật,1
"game hay , dễ nghiện🙆",5
game hay nhaaa,5
game j mà cứ lag là cứ trừ uy tín,2
trơi quày mà không tăng uy tín không chơi xh được gem lõ vãi,2
hay,5
xóa đi tải lại ko vô đc cứ chạy ở 0% ý,4
game hay ko có nhưng,5
ghép trận toàn gặp phá afk mà tố cáo thì trừ có 7 uy tín,1
"game chán,garena hút máu, người chơi đơn ức chế bởi team,thua ko rõ lí do,game tồi không như ngày xưa",1
game hơn loll nói thật garena và nhà làm game tinmi ko sửa lỗi sữa tính năng thây đổi tính năng gép trận thì game chết meh đi là vứa,1
rat hay,5
load trận cả tiếng k cho vào out vào lại thì bị trừ uytin afk,3
"game h rác vl,nó rõ ràng đứng yên trong tế đàn thậm chí còn không nhúc nhích một tí nào mà không tính là afk đồng đội afk thì vẫn bị trừ sao như thường trả lại cơ chế game cũ đây",1
game chs hút máu vổn lài ra,1
thế dell nào vào game bị đơ ra ko có thao tác được,1
game đc,5
ghép cc đm chọn đg chính mid ghép toàn bắt ik ad nó chọn ad phá hủy trận thì phạt game như cl,1
"Hệ thống tố cáo, tính điểm, vai trò thiếu xác thực, ai tôn trọng sự công bằng thì không nên chơi",1
đánh giá 5 sao,1
game chơi vui vãi chưởng nhưng mong anh gà tặng cho em thẻ giá 999qh nhe nhưng game qias hay,5
"game kiểu cố làm khó mih á,ghép team toàn mấy bọn nghỉ hè,phá r tố cáo tùm lum🥰",1
"ghép team đầu toàn bã mía đè tem. Chơi thua liên tục, feed 11 mạng mà tố cáo không bị trừ uy tín, cay cú éo tả được. Game chiến thuật mà thắng bại tại con lính, cuối game full đồ chí mạng mà đánh không tuột máu. Khi nào giảm sức mạnh con lính thì tao tải lại.",1
nói tối ưu r biết khi nào tối ưu o điện thoại tôi nó không có màn xuất hiện với skin độ hoạ lại xấu dù đã chỉnh độ hoạ cao,1
10 điểm,5
ngày lễ không gửi rương chọn skin cho từng acc đi mà phải bắt nhập code,1
Không cho cài cài đạt trên nền tảng giả lập,1
được đấy.,5
quá hay,5
hay,5
hay :)),5
ra lại aya cccv vào ngày 8/3 đi 😭,5
nhiều phá gems 10 chan trong đó co 9 chan ghép với phá gems mạng lác cho dù ko tải giảm đồ hoạ vẫn lác chơi ma thấy nản,1
quá tuyệt,5
Đang đi rừng bị mẹ kêu ăn cơm mong game khác phục lỗi,5
ổn,4
game rác,1
Xoá bớt mấy cái xàm đi lag lắm game ạ,3
game rác,1
game rác,1
rất hay nhưng hơi đơ,5
"game nặng quá, chơi ko mượt ạ",5
chơi hay,5
xếp team không hợp lí,1
ghép toàn bot,1
game rác như l ko nên chơi chơi sẽ bị bệnh tâm thần,1
vui nhưng mà tại sao ko có Skin zuka SS vậy,5
rất tốt,5
hệ điều ghép trận rác,1
game ghép lệch trình vl không gánh nổi,2
bạn thì kinh ròi,5
hay,5
Game chơi vùi,5
Game hay,5
game rất là rác,1
hay,5
game gì cứ vào là bắt đăng nhập lại hoài v ???,1
như đb,1
game ghép toàn súc vật 10 trận thì thua cả 10,1
hay,5
hack j nhìu vl bay mẹ acc,1
vẽ bùa veres lưu ly long mẫu full là 150 lần mà vẽ 152 lần vẫn chx ra ngộ z 100gts 850k của tui mà game làm z hả,1
game dell j toàn SV chết nhiều thì chửi còn ăn nhiều kêu bảo hack chịu luôn!,1
dung lượng nặng quá,2
bị cấm thi đấu vì chọn đúng đường,1
"ghép trận toàn sv chơi game phá chuỗi thua liên tục gây tụt rank,ko đáng chơi nên xóa",1
"38* còn 20* thề game ghép trận nể luôn ghép cho toàn "" tuyển thủ"" team mình , đi đơn đct 2 mà ghép cho tinh anh , đúng chịu",1
t chiệu game ghép như cái l,1
hệ thống ghép trận như nịt,1
game chs hay mong gà rán cho mik nak thứ nguyên vệ thần,5
"Cảm ơn Dady 🐔 cho 12kQh ,Game rất hay",5
game cho tuất chới,1
game toàn gép team mình gà team bạn chs hay game như skibidi,1
game hay mấy con gà máy yếu thì biết cc j😏😏😏😏😏😏🤐🤐🤐🤐🐓🐓🐓🐓🐓🐓🐤🐤,5
chơi hay dễ chơi,3
"game như lolll chơi cờ liên quân như may rủi, mất cân bằng tướng vcl. Tóm lại là game rác",1
gặp đồng đội ngu như con bò ấy.,3
xếp rank nhu lon bò,1
ghép trận tàn tạ,1
tôi rất thích,5
hay,5
game ghép không công bằng không nên chơi không nên tải về.,1
tui thấy chơi hay mà chắc mấy ông ko hên thôi chứ tôi chơi chung v ah em vui gần chết ah em muốn team hay thì đi team 5,5
quá đã luônnn chơi rt mượt mà & ĐẲNG's CẤP,5
cái cơ chế gì cân bằng tỉ lệ thắng gì đó ắ là 1 cái sự thất bại trong cân bằng game ắ ghép thì siêu lệch mà hình như muốn cho người chs về gank bang đầu muốn cày thì phải cái này là muốn người chs bỏ game hả mà chắc t bỏ game trước game làm khó hiểu vl ?,1
toàn ghép cho tao toàn mấy đứa bị siđa,1
game hay nhưng chơi toàn thua,3
"đã xoá game, cơ chế xếp đội quá hãm, toàn xếp sv",1
chơi vài trận thắng là thua. chịu xóa game,1
"cho 0☆ luôn mới vừa,game nứng cc chúc china new year",1
"ghép team ko đúng trình độ. team mik thì toand test tướng,phá game,afk->team bn thì đánh như tuyển thủ",1
game càng ngày càng rác tố cáo hack quay vd gửi rồi mà vẫn ko thấy khoá,1
"Chào Garena, mình dùng máy Galaxy A25 5G (Chip Exynos 1280), vừa cập nhật lên One UI 8.0 nhưng mà vẫn không bật được HD ạ.mong garena hỗ trợ",2
game oc c toàn ghép chung với máy,1
game j mà cơ chế ghép trận mà muốn bỏ game,1
"Ghép toàn thứ tạp nham gì không, di chuyển lớ ngớ,bị bắt kẻ, không biết lên đồ,tranh lane,chs thua sv mà còn lên giọng với ngta, không biết pick tướng,toàn rank cth ghép vàng,bk,đồng yêu cầu sửa lại cách ghép đội người với người, đừng bắt rank cao gánh rank thấp",1
game lag vãi cúc,1
hay,5
"Toàn ghép lệch rank với máy,đánh thì ngu,tật,đề nghị sửa lại hệ thống ghép trận đấu hạng",1
game nhu cc tỉ lệ chs rank đơn gặp toàn bọn occ ko,1
game mất công bằng,1
200ms hoài mới đóng tiền wifi xong mà 200ms sao chơi lúc mà chơi team kia ko có skin xịn thì mượt mà có 2s hay 3s là lag đt iphone 11,1
ghép toàn lũ oc,1
👍👍👍👍👍,5
game rất hay,5
"game gắn bó vs t 5 năm r nên t ko nỡ xoá thôi chứ bgio lỗi tùm lum ra, ghép team thì toàn bọn phá game afk, cướp lane, mệt lắm",4
game như c chơi ghép chúng team óc k cân bằng trận,1
Lúc cày uy tính chỉ hồi được tối đa 3 uy tín ko hồi thêm được nữa còn lúc AFK thì lại trừ vô số,1
Lại cập nhật oy chán,5
Ghép team toàn gặp sv đứa thì AFK đứa thì phá game team bạn đánh như tuyển thủ chuyên nghiệp team đánh như cức anh gà ghép trận như quần què người ta t xóa game,1
tru uy tin cc,1
chán game ghép toàn phá chịu game rác vc,1
5 sao vì raz có màu sicula,5
game hay lắm nha khuyến khích chơi,5
Hay,5
rác,1
ghép toàn sv,1
game như l thua chuỗi 8 rồi vẫn thua tiếp chả hiểu ghép kiểu j lệch trình vcl cthu mà ghép đc cả kc,1
hay,5
"mặc dù là mình phối trang bị đúng rồi nhưng vẫn bị trừ điểm uy tín mà máy báo là trang bị troll,sửa lại giùm",1
nếu tâm trạng ko tốt thì hãy tâm sự với krixi nhé thích nhất krixi,5
lag vl,1
"oke ko nói nhiều tuy chơi bằng máy cũ xong hỏng nhưng ko sao lại mua máy mới chơi tiếp,game oke nhưng tăng lại sức mạnh cho Alan đc ko?",5
mạng đang căng tại sao lại 200ms ??,3
game hay,5
game toàn người chơi phá gank cướp vị trí,3
game toàn trẻ trâu phá game tranh đường,1
"mẹ có cái t bình thường cũg bị vi phạm nữa, game tối ưu skin vậy như cưk,3s tối thượng mà xấu hơn 2s nx",1
"giờ ghép trận toàn loại kiểu j, game ko còn như xưa",3
game ghép chung đồng đội dell j ks ko,1
tôi thấy rất vui,5
ghép toàn tuất,1
biết ghép teem ko vậy,1
hay vãi,5
"Hệ thống ghép đội của Liên Quân thực sự là một thảm họa khi liên tục bắt tôi phải chung team với những thành phần ""trẻ trâu"" phá game.​Tôi không thể chịu đựng nổi việc nỗ lực leo rank nhưng lại bị kìm chân bởi những đồng đội tranh lane, AFK và chửi bới vô văn hóa.​Thuật toán matchmaking dường như đang cố tình sắp xếp người chơi nghiêm túc vào những trận đấu không thể thắng nổi. ​Tại sao những kẻ phá hoại trải nghiệm người khác vẫn nhan nhản mà không bị hệ thống xử lý thích đáng?tôi rất bức xúc",1
nốt sinh nhật 10 tuổi hưởng dương là vừa đi,1
giúp tôi giải trí.,5
"đề nghị game sửa lại phần tải,chứ mỗi lần vào là game lại lag mà còn tự tải nữa chứ",1
ghép team như l chơi gặp afk phá game hack,1
Game rác.,1
"Lúc nào ghép team cũng có ng afk,phá game, mod skin gây lag,..tố cáo thì bị trừ mỗi 3-5, có khi k trừ, còn mấy b k cố ý, văng game,.. thì bị trừ 7-9 ut. Team mình thì toàn súc vật tật nguyền đầu thai biết chơi game. Team bạn như tuyển thủ Sgp lai bâng. Ghép thì còn ghép trúng máy, mấy thằng chửi tố cáo thì không bị gì, mấy ng nói câu bình thường th tố cáo cũng bị cấm chat. Game thì giật lag, không chơi được. Hiểu sao kh nổi 4sao.",1
hay nha ní,5
hay giúp tăng tính chiến thuật,5
tui thấy nó chơi vui v@i,4
Thống kê trận đấu nguuu bò,1
Trêu champ wirro đấy à . Bao giờ em ghệ t mới có skin,1
Phiên bản mới cập nhật lỗi. Thỉnh thoảng bị đẩy ra k và đơ luôn ứng dụng k vào lại đc trong khi máy vẫn hoạt động bình thường,1
gép toàn l,1
"ad ôi, cụ thể hnay và hqua, mỗi lần chờ vào trận đc khoảng 10 giây là bị văng game, vào lại cx bị văng, ảnh hưởng đến cảm xúc chơi game và uy tín của tài khoản, mong ad sửa chữa sớm",3
game ghép toàn thú,1
hay,5
chơi tàn chuỗi thua,2
game rất hay hi vọng anh gà sẽ cho nhiều skin đẹp và free hơn,5
game như củ lờ từ vụ yue hạt gạo đến vụ cài cắm CNY. giờ lại còn ko tối ưu hóa game đi cứ lúc giao tranh đ ai làm gì cũng lag lag bực hết cả mình,1
game như c,1
ok,5
ghép toàn mấy tk sv đề nghị liên quân trừ uy tín nặng,1
tỉ lệ ghép trận không hề cân bằng đồi mình như tạ nghìn cân còn đội bạn đánh như thần,1
"Game rác, có dưới 1 sao để đánh giá không ? Yêu cầu Google chú đến trường hợp nhà phát hành Này có hành vi không phù hợp với người tiêu dùng. Xem xét trường hợp gỡ ứng dụng trên.",1
rep trận dính chúng mấy thằng chú nhục,1
quá lag do tải tài nguyên tôi bị văng và đứng màng hình rất lâu,2
chơi rất vui khi leo rank,5
game rác,1
game như lol,1
sao chế độ cờ vua không cho dùng mic hay chát chít nói chuyện chơi không thì khô khan quá hãy cho nói chuyện với nhau chứ,3
lạm dụng chất tướng lối chơi đấu sĩ là thắng game ko còn kĩ năng,2
tuyt voi,5
game toàn trẻ trâu chơi toàn toxic,1
xếp một con bk di đánh với con tanh mẹ cân bằng tướng nhulon,1
thắng bạn tại game ghép kĩ năng cái loll,1
rất hayyy,5
game hay,5
"tôi khuyên mọi người đừng chs game này nx có nhiều cái gây ức chế lắm, ức chế mà giữa trong lòng thì dễ hại cho sức khỏe lắm, nếu lỡ tải r thì xóa đi game này ko dành cho người đi đơn",1
làm ăn cẩu thả buff bẩn này no trừ dc 4 uy tín chịu gà,1
làm ăn như con củ cặc,1
bn tôi đưa tôi tới và làm tôi nghiện game này,5
cập nhật game xong cực kì lag,3
hay,5
game gì mà đồng đội Bot,5
game l nó afk từ đầu trận mà vẫn chừ sao game rác vkl,1
game ngon vl,5
Game như ln ko khắc phục Toàn hack,5
quá tệ,1
"game chơi thì vui đấy, nhưng mà chơi cùng mấy thằng ngu thì không vui , không biết có phải là cái thuật toán của game khi mình ghép được một trận hay, thì y như rằng Mấy trận còn lại, ghép cho bọn mới biết chơi, đã thua lại còn phải nhìn cái cách bọn nó chơi rất là khó chịu. thẳng ra là chơi rất ngu",1
ai tạo ra gem đb thế này gỡ mẹ ik nhìn ngứa mắt,1
tui nói thật ne mấy đứa nào mà nó đánh giá 1 s là mấy đứa đó chưa tải xog mấy cái phần mềm trong game từ đồ hoạ trở lên,5
hay rất hay,5
"cho game 1 sao vì cho ghép team ngu, mới thoát 1 phút tính afk game rác",1
game nhìu lỗi quá chơi cứ bị lỗi khó chịu quá,3
hay quá,5
ghép trận như cái cc,1
"Game càng ngày càng chán hồi trc chs thì rất mượt rất bthg bây h gặp toàn hack lại còn bị văng game liên tục, mik chs trên cả máy realme và xsmax đều bị văng 1 2 lần mỗi trận, rất ảnh hưởng tâm trạng chs. Khuyên mng phải có máy đời mới cao cao chút ms có thể chs mượt đc",1
t cay verrra,1
Đm Garena mất uy tín vl ghép cho tao toàn thg ngu,1
ghép trận như cái cc,1
"game bắt đầu ghép team lệch trình như bên mlbb, nếu kh khắc phục thì thực sự ảnh hưởng đến người chơi",1
👍,5
hệ thống ghép team chán vc lúc nào củng có thằng ngu nhất là lúc từ bản cập nhật sau tết đến giờ,2
k vào đc game ln,1
"hở tí là chuỗi thua đồng đội đánh thì dở tố cáo chẳng đc, 1 sao",1
ghép trận mà chơi thuật toán với người chơi là tao cho 1 sao,5
"chả hiểu cơ chế ghép trận chơi đơn gặp toàn thứ gì , giờ đống đứa afk uy tín vẫn trừ chung team vs nó cx bị trừ sao trước có vậy đâu .",2
hệ thống game ghép đội với súc vật à ???,1
game ghép trận ko đúng thua lần tàng chuỗi ko,1
hệ thống ghép trận toàn ra óc vật,1
game dễ văng kết nối lại thì chậm,1
đồng đội chó rách,1
"ghép rank 10, thua hết 10, gặp gì đâu không :))))))",1
nhiều lỗi lag quá,1
"Làm ơn, sửa lại cơ chế macth giùm, đừng có kiểu người ta thắng được vài trận cái lại cho ghép với mấy người có trình độ kém hơn. Biết bao lần thất vọng về anh Gà",3
như lol,1
game cơ chế ghép như con cc,1
"ghép toàn gặp xúc vật còn team bạn thì chơi hơn gì. Ko gặp afk thì cũng test tướng chơi ngu msf còn ra dẻ chat nhiều như số lần chết, bọn xúc vật con tr mà chơi như lol",2
game l ghép trận đồng đội ngu bỏ mẹ toàn ks game tối ưu thì kém chỉnh sửa ngày càng tồi ăn chặn hiệu ứng skin hút máu game thủ,1
hay,5
ꉂ(ˊᗜˋ*)♡,5
"một ngày của mik rất mệt mỏi, chỉ muốn chơi vài trận giải trí thôi mà,sao trận nào cx ghép những thành phần phá game vào vậy, thật sự chịu hết nổi rồi",4
game súc vật toàn trẻ trâu hệ thống ghép trận lệch tem mình rõ ngu,1
"Game cũng hay nhung một ván ít vàng quá. Sửa thêm: t full tướng lâu r :)), h sao cx đc",5
ghép team chán,1
game hay,5
game như bịa lúc cho ghé với người phá rừng có khi là afk game như bịa bò,1
game raccccccc,1
game lỗi thua mvp mà cx trừ thắng mvp k cộng lỗi ???,1
game như đb,1
hay,5
tại sao chơi game không làm gì cả cũng bị cấm 3 ngày là sao ạ ?,4
game càng ngày càng xuống dốc wifi đầy cây mà lag như ở trên núi,1
"chơi hay rất hay ,nhưng ko hiểu sao máy mạnh ,mạng mạnh lại chuẩn bị vào trận là văng gảm ko hiểu tại sao",1
game ghép team như bịa đã vậy còn lag nx k bt nói j,1
ghép trận như qq,1
"game ghép trận team bn toàn chs như tuyển thủ,game lag,nó bảo mạng yếu trg khi đó 4 cục mạng sáng",1
ghép cho team súc vật còn team kia toàn người chơi giỏi,1
càng ngày càng tệ ghép trận cho 4 cục tả đánh trận nào cũng thua toàn xúc vật,1
qua vui,5
"Đell hiểu cao thủ ghép ghép trúng bạch kim, t cũng nể đứa nào làm sao hệ thống ghép",1
Ccmm cơ chế xếp hạng game như tài xỉu 👎👎,1
đồng đội afk cả trận thua vẫn trừ sao,1
ghép team tật,1
cũng ổn lâu lâu chơi giải trí cũng vui,4
"game ngày càng chán vì chuyển giao nhiều,làm skin ngày càng xấu mất đi sự sáng tạo,còn cả vụ yue nàng tiên gạo với cny ko thể chấp nhận đc(tuy skin yue gỡ r thay vì chỉnh sửa ngoại hình thì gà xóa mẹ luôn lm t tối ngày cày vì thấy skin đẹp)",1
ngon đếy=)),5
bị game trù như chó cay,1
ghép toàn gặp team đánh đúng chán đời nên thua cay quá xóa game,1
thắng được 1 ván thì 3 ván thua luôn,1
chán k buồn nói,1
"trời ơi cái game sv óc chó, ghép team j toàn mấy đứa nguuu chuỗi thua gánh k nổi làm game đ tử tế dc",1
liên quân là game rác không nên chơi,1
"toàn mấy đứa kid , afk",1
"game chỉ muốn dữ người chs tiếp tục đánh mà ko quan tâm họ thắng hay thua chỉ cần để bạn đánh cố thêm 1 vài trận, thua từ 3-5 thì mới đc 1 trận thắng",1
hay,5
ko bt chơi,1
game hay,5
ghép rank cong cho mấy thk phá,1
game như củ cải đồng đội dánh như đb,1
ghép trận như củ lon,1
game chán ghép toàn mấy thk không biết chơi vô game nó phá,1
chs thì lag đồng đội thì như qq,1
Hay tốt cái j cũng đẹp trừ map,3
code game hay ghép team đánh 44 sao xuống 26sao game lm rất nguuu xứng đáng sập game,1
game h tự nhiên mất tiến chơi méo đc gì,1
game l để ảnh bthuong cx bị tố cáo?,1
game ko cân bằng ghép toàn tem sv tướng thì ko cân bằng,1
ghép toàn phá game mất cân bằng vãi ra game ngày càng quá tệ ghép hạng thì toàn lũ phá game cân bằng tướng thì chẳng ra gì con mạnh con yếu không cần kỉ năng chỉ cần spam là có mạng còn tướng cần kĩ năng múa mỏi tay mà nó chỉ cần spam cũng ngang mình ghép thì toàn phá ad thì lên đầu cúng mạng sp như máy bảo đổi phụ trợ không đổi cả trận không bật phụ trợ top thì cúng mạng cho đội nó xanh rừng thì không ăn rồng không ăn caesar bài đánh giá này chứa chắc nhà phát hành đọc,1
"gà ghép trận j k , không cân sức địch mạnh hơn phe ta yếu k ,ghép 10 trận toang gặp thứ phá game không .",1
"Khinh thường người chơi Việt, Chaini niu year, skin Yue, lỗi nạp UID khoá acc không giải quyết cho ngta, chỉ khi bị làm lớn chuyện mới đi giải quyết. CNY thì im luôn không xem người chơi Việt ra gì, bị chửi cho mới xin lỗi cho có, không bồi thường gì cả. Quá tồi tệ, game ở VN sự kiện bị cắt xén, outfit thì diếm, nhìn qua bên Thái, Đài đồ mà học hỏi giùm. Bớt xem thường người chơi.",1
game toàn sv,1
hệ thống tố cáo nhu b rõ ràng thằng đó ko chs mà ko tố cáo dc trong khi đó tao chs mà vẫn bị tố cáo là thái độ tiêu cực game đưa ra hệ thống như l.ồ.n,1
"Game càng lúc càng rác ghép toàn gì đâu không cao thủ chục mùa mà toàn ghép với mấy thằng ku chưa cao thủ hoặc mới cao thủ 1 2 mùa, MVP hạ hơn mười mấy mạng mà vẫn bị trừ sao cò mấy thằng phá game thì bị trừ 3-7 uy tín vl game làm ăn gì vậy. Lỡ nạp vô game rồi muốn bỏ thì khó mà muốn gắn bó thì không thể.",1
hay,5
ghép éo công bằng,1
game cc gì mà vào tải đến 78% xong rồi im rui không vô được là sao,1
Toàn chơi cùng mấy thằng nguuu,2
ngonnn,5
56% ko thắng nổi 3 ván,1
"Toàn afk , nhieu thua choi oc cho, chui LÁO",1
"game ngày càng rác, ghép trận toàn bị chênh lệch hạng cao thủ 30 sao nhưng lại gặp 2 ta skin thì bị cắt hiệu ứng map thì xấu nói chung ngày càng giống lửa chùa chủ yếu bào tiền chứ về chất lượng chơi thì ngày càng đi xuống khuyên anh em nên cân nhắc trước khi chơi",1
ghép team ngu team địch thì rõ hay,1
hay,5
Game hay,5
không có j để chê luôn 5 sao là đúng aaaaaaa,5
thắng nhiều là bị ghép mấy thg cao team toàn mấy thg ngu bắt gánh team thì mới đc,1
game hay +1 s20 ultra bị đập vì con sv aya👍,5
"Mong game sẽ có nhiều thay đổi trong năm nay chơi rất dễ văng , mới chơi nhưng cảm thấy chất lượng ko tốt !",1
vì nó lag nên dễ văn game mà kúc đó trong trận mà bị văn ra thì trừ uy tín với lại tôi không muốn bật chế độ 4g vì máy tôi không còn tiền,2
"nói j thì nói game vẫn rất ổn, có đôi khi ko hài lòng nhưng game cũng bt lắng nghe người chơi. Mong game sẽ phát triển mạnh mẽ hơn trong tương lai .",5
e cảm thấy game giờ đánh nhanh Quá e đề nghị nhà phát làm lại tất cả bình thường trở lại cơ chế đẩy trụ như cũ và bỏ luôn ván lướt đi ạ e cảm ơn nhà. phát triển e chúc nhà phát hành game luôn mạnh khỏe để đổi mới nhiều trang phục Việt lên một tầm cao mới ạ e xin nha phát triển giúp đỡ trong việc đăng nhập để vào game cho dễ hơn ạ e đề nghị nhà phát triển xắp xếp lại cho cân bằng trong game chiến game đi chứ ghép toàn một. bên toàn người đánh giỏi một bên ko biết đánh e xin cảm ơn,2
1/7/2 thì mvp trong khi t 3/1/2 kh mvp quá vô lí tố cáo thì kh bị trừ,3
hay,5
game rất vui mà con govera khó chịu vô cùng,1
ok,4
ok,5
tốt,5
sao vô game hok dc,1
Lag ko vô đc,1
cc Garena liên quan tao xóa luôn rồi 10 trận liên tục gặp toàn sv mướn tao đell chơi,1
game xếp trận như lol,1
ghép kiểu gì vậy 9 chuổi thua ghép toàn gì đâu không có 1 2 ngươi biết chơi còn nhiều không biết mà có đứa 0 8 3 tố cáo không trừ cái gì mà chiêu unti marja chưa đến 10 giây hồi rồi,1
lag lỗi game đầy hack tràn lan riết tụi nó bảo game 3 nước đúng thật chả sai,1
game hay phết,5
Ghép trận quá khốn nạn gặp thêm lỗi lock fps (nghĩ game.),1
vui dễ chơi và ghép đồng đội mạnh😁,5
ghép trận như bùi lỗi sv hack map thì lắm,1
game toàn hack toàn ghép trânh với mấy thg ngu,1
"game sv , Happy New Year cny cái l , tưởng tặng skin là nghĩ ổn à , game cho' rách , -1 người chơi lâu năm",1
game hay,5
hay,5
"bao giờ mới khắc chế phá game loại này là sp cố ý ko giao tranh,ks kill của team hỗ trợ vài mạng ,nhưng ko có ích cho Team ,hay bỏ ad gây ức chế cho team nhưng ko thể tố cáo vì nó MVP mong được rep",1
game ghép trận quá ngiu quá nhiều sv lỗi hack map,1
game ghép trận quá ngiu quá nhiều sv hack map lỗi game,1
game như qq kc mà ghép với mấy thằng đại cao thủ con bên mình thì toàn sv chơi game,1
hơi lag,5
mở bán skin lag chetme ra tàn bị out game mà còn skin có chất lượng cao má out game 4 5 lần,1
gem hay,5
gép team toàn gặp team gà,4
game cho chó chs a,1
gema hayyy,5
đi đơn toàn svat,1
hay,5
dù thua nhưng thắng nhiều,5
hay,5
game hayyyy,5
yêu cầu tăng sức mạnh cho con flo,3
chơi hay hơi lag nhưng hay và chỉ cần sử dụng đúng cách thì thắng liên tiếp luôn💯💯❤️,5
xếp đội hik ccc,1
rác rưởi,1
game rác,1
vá đả,5
cũng được nhưng đồng đội quá chơi ngu,5
"Nhìn lại cách ghép trận xem, toàn ghép với mấy đứa phá game, tố cáo thì chúng nó không bị gì còn mình thì tuột hạng vèo vèo",1
"Game lon, ghép trận như con cak, từ nay về sau tao del cho 5 sao nữa",1
Ko khuyến khích ae tải Game còn chẳng bật đc 120 fps đồ họa thì tệ hại còn ghép trận thì quá mất cân bằng nói chung ko bằng đc 1 góc nào cũng những game moba khác,1
"Game hay nha mn, đáng để tải về chơi. Game đồ hoạ ổn, skin đẹp, hoạt hoạ rất tốt và game có hệ thống tố cáo như loằn👍",1
liên quân chơi rất hay,5
nói chung là ko,4
vô game mạng bình thường mà đứng game?,1
game chứa đến 14gb là chiếm hết gb đt,1
game như lol chơi đc chuỗi thắng 3 thì ghép cho team choi thua mẹ trăm trận gamelolllllllllllllllll,1
game rác,1
ko hay,1
LoVe AoV ❤️,5
hay,5
quá ức chế quá áp lực đội hình ko hoàn chỉnh tranh lane rất nhiều,1
rat hay,5
đẹp,5
game hay,5
ghép rank toàn thứ gì đâu không lệch hạng buff bẩn ghép toàn thứ ngu rank thắng thì dell cộng sao đúng rác ko nên tải nha ae,1
sửa lại cách ghép trận đối thủ :>,5
Tôi thấy đây là tựa game dành cho tôi để giải trí tôi yên game này,5
hay nhiều skin đẹp,5
toàn tk phá game,1
cũng cũng,4
Lắc quá,1
chs cũng hay nhưng nếu máy ít dung lượng thì mỗi lần cập nhập thì xóa đi r tải lại chứ cập nhập hao dung lượng lắm tui để cập nhập 2 hay 3 lần gì mà lên tận 13gb,4
"cân bằng game rất tệ , ghép rank thì toàn gặp phá game với cheat",1
không đăng nhập được fb,1
game rất hay,1
"Lag vc, tối ưu thì kém mà mấy vấn đề lặt vặt thì fix rõ nhanh",3
ước gì game hỗ trợ trên máy tính,5
nói thật ai cần mua điện thoại mới nên tải game chơi vì mới 2 tuần chước tôi đang vô chận thì nó tự tắc nguồn và làm cho điện thoại tôi bị bóc khói mà điện thoại tôi chơi không hề yếu và tôi phải đưa ra tiệm để người ta sửa mất máy ngày liền đến ngày hôm qua mới lấy về được và tôi nhắc lại nhé ai cần thay điện thoại hoạt điện thoại mạnh thì nên tải còn không muốn điện thoại mình bị gì thì đừng nên tải game về chơi game lại có quấn đề về truyề tải mạng rồi,1
cũng đc tui chơi vì ah chj tui chơi chúng,4
Như căng cọt,5
"toàn pick cho team lag,afk",1
Vyi,5
vãi cả cân bằng tướng giảm dùm con moren cho bố cái,1
lao vào đội hình của địch là văng làm gì cũng văng,1
"ghép trận thì chẳng ra sao, gặp phá game tố cáo thì lại chẳng bị trừ uy tín hay gì hết, game thì giật lag, chơi hay, ăn mạng với hỗ trợ các thứ nhiều vãi ra thì chả được tính để được MVP hay s, SS",2
game lag quá,1
rất hay,5
"game ghép chận cái kiểu gì vậy , còng lưng cũng không gánh nổi 😡😡😡😡",1
game hay mà 1 trận kiếm ít vàng vãi cày cực khổ mấy tuần mới đủ mua tướng,1
"Mọi ng đừng tải về đừng chơi nữa, vì game có thuật toán A.I ghép trận để mình thắng ít thua nhiều khiến mọi ng cay cú và càng chơi nhiều hơn, nhà game ko sợ bạn lên chiến tướng/chiến thần, nhà làm game sợ bạn lên chiến tướng/chiến thần r sẽ xóa game ko chơi nữa vì khi chúng ta thua chúng ta càng chơi nhiều thì nhà làm game càng giàu, đừng làm giàu cho họ nữa mà hãy chung tay tẩy chay xóa game tập trung sự nghiệp để cho họ phá sản dẹp game thì khi đó chúng ta mới là những ng chiến thắng thật sự!",1
vốn hóa lớn makkvn của,2
hệ thống ghép nguu vc nghĩ sao rank cao thủ ghép với lv 25 vào toàn phá,1
hay lắm luôn ai có ý định chơi thì tải luôn đi chờ chi !,5
"kh hỏi sao game lâu lại bị lỗi đơ ngoài sảnh chờ , để treo cả tiếng vẫn kh thấy gì , trong khi thoát ra sài các ứng dụng khác chạy vẫn mượt",1
hay,5
game khó chơi ko đc ý muốn,1
sao mik chs nó bị đi chậm sao á xog r mik đang đi thẳng giật lại để quay ngược lại 2 3 giây sau nó hành động mong game khắc phục tình trạng này,2
chơi vui lắm,5
"acc bị hack, muốn xoá acc mà game làm khó quá ko xoá đc😇",4
game như ca.c t,1
ghép toàn sv nhg vẫn thik chs=)),4
anh em đánh giá xấu thì nó cũng ko xem đâu,1
Hay,5
tưởng do máy kém nhma hog phải tại game lag quá chơi hay bị văng game. 🐿️,5
Game lag chs toàn hạc,1
game càng ngày càng rác,1
Siêu Cuống,5
"thường xuyên bị lag không di chuyển đc, nhiều lần đang tải vô trận thì không tải nữa",1
"ghép toàn phá game, afk, test tướng, test giáo án, tranh lane. đánh 10 thua hếy vì toàn ghép trúng dì đâ không. làm ơn đi game lắng nghe người chs dùm 1 cái nhen",1
"admin xem lại game cho người chơi , cái gì củng bắt tải .nhiều khi afk tố cáo nó không được , mình làm việc phải có tâm nha acmind",5
Game như loll. toàn xếp vs óc chó,1
toàn gặp xúc vật,1
game hệ thống ghép chận quá rác ko còn gì để nói,1
dễ out game,1
buổi sáng ghéo dell gập taem nào ra hồn,1
Game lol,1
kém!,1
tốt,5
chơi rất vui leo ran lên chiến tướng bà rồi,5
"ghép thì toàn ghép địch khủng, mong garena ghép lại cho công bằng tí",1
đang vô trận thì văng xong nó trừ dần xuống giờ còn 84 uy tín vãi game lm ăn thế này thì chịu,1
Chừng nào được bù sao khi gặp AFK đi rồi cho 5 sao. Nghĩ sao 4 vs 5 mà vẫn bị trừ sao? Có thấy bất công quá không?,1
"ghép team ncc tao, thắng thua liên tục, mấy chục trận, cứ cao thủ r lên dc 6 sao, xuống lại tinh anh r lại lên, mệt vl",1
10 điểm,5
gêm rác vãi 1sao là đúng,5
game như gì chơi toàn thua,1
game ghép trận kiểu j thế đội bạn toàn cao thủ sao chơi kại xóa game,1
phải nói là cực kỳ lag khi vô game và vào trận,1
Game Quá Hay Nên Free Skin Thứ Nguyên Vệ Thần Là Ok,5
game này nên đc xoá,1
ghep đoi như cailon,1
tốt,5
rất ok,5
"Liên Quân Mobile ngày càng gây thất vọng vì ghép trận lệch trình, đội hình chênh lệch rõ ràng khiến trận đấu mất cân bằng. Đánh rank mà phụ thuộc may rủi đồng đội. Tình trạng phá game, AFK, feed vẫn nhiều, hệ thống trừ uy tín chưa đủ răn đe, làm người chơi nghiêm túc rất ức chế.",1
đang xác nhận vô game tnhien văng game lsao nua v tr?,1
game tải tài nguyên lâu - 1 sao,4
"game rác gây ức chế 3,5 sao là phải ai mà đánh giá 5sao chỉ có thể ekip",1
lag,5
"game rác ghép trận như sv toàn phá game test tướng , test skin ,afk",1
xếp trận như c,1
chơi vui lm may con ga biet gi,5
Ghép rank quá lệch,1
T chờ cả chục phút ms vào dc mà lại kodc z hả???,1
game ghép trận toàn thằng ngu,1
hay,5
game hay,5
"game lúc trước còn hay do khi có người afk thì không mất sao nhưng giờ có người afk vẫn bị trừ sao không công bằng vc 2,3 người afk chơi rất bất lực mất công cày rank cả ngày mà chỉ cần gặp người afk là mất hết số sao mà cày được,rất bất lực và tức luôn chỉ cần chơi 1-2 ván là hết động lực để chơi game và game chơi rất lag chỉ cần ở gần địch là cứ bị giật giật,trải nghiệm game không được mượt và hay như trước nữa,mong ad đọc và sửa lại,nhưng nói chung thì chơi với bạn bè vẫn rất vui không chán.",3
ok,5
"ghép team ko ra gì, xử lý phạt ko hợp lí lỗi chiêu nhiều lần",1
"ghép toàn óc chó, phá game ức chế vch",1
Càng ngày càng lag đitme game,1
game ghép toàn bọn ngu nát vc,1
"hay nha với cg có nhiều skin đẹp , nên chơi",5
ghép bị lệch ranh,1
ghép team như cặc,1
game gì mà vô chơi bị nhảy ra ko,1
"gems rất vui, có thể nhận sikim miễn phí yêu liên quân 😘",5
game ghép trận ko công bằng,1
lỗi hiệu ứng xuất hiện của skin,3
ghép trận thì toàn bọn ngu,1
"thích, hay",5
game bị lỗi ko vào dc 1 sao,1
cứ win 10 trận game lại cho thua 32 trận mà tôi vừa mới chơi lại toàn ghép cho trận toàn bots hoặc afk mong nhà làm game xửa lại,2
"gà xem lại như nào đi, sao tôi chơi game được tầm 15-20p là tôi bị văng ấy. tôi dùng samsung",1
hay,5
i love u,5
del hiểu chỉ số nào cũng nhất trong trận mà win thì chỉ đc 13.5 trong khi kda 16/1)5,1
đang chơi thì lỗi???,1
tướng địch toàn skin gây lag ko. yêu cầu cho thêm chức năng che skin của tướng địch lẫn mình.,1
rất là hay,5
Game hay,5
Game chơi combat như con ku,5
ghép team như c,1
game lòn,1
ko chơi nx,1
game rác,1
hay,5
game rất hay skin mượt lực rất thích mn nên tải về chơi thử nhaa,5
"Game này nó dùng thuật toán ghép đội . Nghĩa là bạn thắng 6 thì bạn gặp liên tục 5 trận thua sau đó . Nếu không ghép người cùng cấp, thì phá game tiêu cực. Nói nôm na bạn chơi 11 trận thì thật tế rank lên có 1 sao thôi Sau đó khi thấy bạn thua 6 7 trận , hệ thống ghép cho bạn với Bot lại cho bạn cân bằng tâm lý. Họ đang làm mất thời gian của các bạn. Tôi nghĩ nên xóa game này để dành thời gian cho game mang tính công bằng",1
tot,5
game như c tem afk mà cũng bị trừ sao,1
rác,1
game hay cực mỗi tội set rank,5
"sự kiện cập nhật liên tục,lag,đứng máy luôn,trong khi ghép như c, cập nhật mấy cái khác,còn ghép y nguyên,ghép toàn trẻ trâu,toàn để tôi gánh,game làm ơn cập nhật cái tính năng ghép đi hả cập nhật sự kiện,đánh giá của đa số 1 sao mà game ko sửa toàn ra mấy cái skin gì đâu,vấn đề cốt lõi là chơi giải trí và đem lại trải nghiệm tốt mà tui thấy chơi là phải chửi,chửi thông não mới hiểu thì lúc đó thua rồi",1
game thì con c suốt ngày chỉ biết giảm sức mạnh tốc biến thì như cái lon vậy cho 1 sao,1
"khá lag so với máy yếu , vgvd không hề lag như liqi",1
game chơi hay lag mong garena tối ưu các điểm,4
Hay,5
chơi vui lắm,5
🥺,5
chơi toàn kid afk,3
"game rác, chơi toàn ghép đội ngu",1
"GAME ỨC CHẾ , HÚT MÁU NG CHƠI , RỒI LÀ HỨA SỬA ĐỔI NHƯNG KO HỀ SỬA , GAME CÒN GHÉP TRẬN NGÁO KO CÙNG TRÌNH, CÂN BẰNG LÀM CC GÌ NGƯỜI CHƠI WIN KHÓ CHẾT MOẸ, LÀM CÂN BẰNG CHI, ĐÃ BIẾT KHÓ RỒI THÌ SỬA LẠI HỆ THỐNG GHÉP ĐI,.. ĐỌC RỒI MÀ KO HIỂU NỮA THÌ LÀ NHÀ GARENA RẤT LÀ NGU VÀ ÓC CHÓ",1
game ghép ng.u ko hiểu đc,1
game càng chơi càng hay nha :),5
chơi toàn th ngu cho,1
bị quăng vài v,5
"game ko hay, đồng đội đánh hơi 🌽, ghép trận lâu và ghép toàn phá game, mong nhà làm game chỉnh sửa lại, Cảm ơn.",1
"game thì lag sử dụng GB thì nhiều làm lag cả máy, báo cáo thì không duyệt, hack tràn lan, không biết đọc đánh giá, game càng ngày càng tệ rất tệ 👎",1
vô chơi thì lag chọn tướng ko đc vô trận còn lag hơn trừ uy tín tui liên tục tui quá mệt mỏi rồi mong ah gà điều chỉnh cho đừng lag nữa ạ tui c.ơn,1
khá hay và ok nha,5
game ghép rank toàn sv sợ ng chs thắng à,1
ý thức người chơi chưa tốt nhưng mà sếp team kiểu gì vậy,5
vui mặc dù thua k hà,5
game toàn hack,1
hay vl lúc chán có thể chơi,5
chơi đồng đội ngo như cot,1
bị thua quá,1
dăm ba mấy cái CNY,1
hay,5
mùa này chơi team AFK 1 NGƯỜI thì cả nhôm đều mất sao.chơi xuất sắc cũng bị mất sao. chơi vừa kết thúc trận thì bắt mở gương thưởng một lần 2 đến 3 lần quá mất thời gian và dung lượng.mong nhà quản lý xem xét và đề chỉnh lại,3
ad cho hỏi là vào game thì tai phone nghe bình thường nhưng vào trận đấu bật mic thì lại phát ra loa ngoài là sao nhỉ đã làm đủ mọi cách rồi. dùng tai nghe có dây thì bật mic trong trận nghe bình thường,2
game cc,1
game chó chơi,1
"ghép trận như c, lệch rank không gặp toàn lũ óc chó trình thấp không, đi đơn gặp đi team 2 team 3",1
game đã khóc tôi rất hay,5
"toàn gặp mấy thằng chơi ngáo feed 5,6 mạng",1
chs vui,5
"buff bẩn quá nhiều,ghép team thì toàn trênh lệt cấp bậc với nhiều thi toàn gặp kid với mấy đứa còn thua cả máy, mà còn ghép với mấy thằng ngáo còn trong thi đó bên địch toàn biết chơi, cập nhật như cái quần mạng trong game liên tục xuống rồi lên rồi lại xuống ko chơi được gì, nhiều đứa trong game thì phá với afk ko với lại lúc tố cáo thì lại ko bị gì trường hợp này càng lúc càng nhiều, đôi thi máu với dame của mình thì yếu một cách ko thể lí giải, vấn đề mạng yếu trong game sửa hoài vẫn như cũ",1
"game hay đa dạng, nhiều sự kiện free tướng xịn nói chung là hay đáng để chơi",5
làm máy đơ màn hình r còn cảnh báo ghép muộn ăn cướp còn la làng,1
chơi game vui,5
game dễ chơi hay,5
cập nhật xong cứ hể vào trận là văng game mất xong lại vào thì bị trừ uy tín mẹ rồi...lỗi vl làm chán,1
Tao đề nghị nhà sản xuất game nên cải tiến lại game 1 nếu có đồng đội AFK mà thua không trừ sao người khác và nếu thắng cộng thêm sao 2 những thành phân chết nhiều và phá game phải trừ quy tín trên 20 điểm,2
rất hay,3
game hay và vui.....,5
hay,5
rác,1
gem như đb văng game bảo tao afk trừ 5 yu tín ko chơi đc ranh có chịu vô cùng,1
ghép toàn bọn ngu à,1
game bank nhiều trường hợp không hợp lí ai chơi k nên nạp nhiều kẻo hối hận,1
honor win rt còn k hỗ trợ lên fps cao thì chju cái game lác này rồi,1
t chs cho có =))))),3
vào game rồi lại bị đưng yến màn hình không bấm được gì hết,1
game hay và vui 5 sao chắc chắn❤️,5
ok,5
tốt,5
"cập nhật lần này lag quá, xóa game",1
game như c đi rank đồng đội ghép toàn mấy thk trẻ con xong team bn thì như tuyển thủ,1
rác,1
hệ thống ghép trận mang tiếng cải tiến ghép toàn ắc cọc chưa kể toàn bọn rank cao mà đánh thua rank bạch kim,1
ghép trận ko tương xứng nha team mik toàn súc vật team bạn uy tín quá team mik thì 2 hoặc 3 thằng ngu tôi ko phải người chơi tệ nhưng một ngày dânhs 15 trận thì có đến 13 trận gặp bọn ngu thì cũng bức súc chứ geam nhue lol á bực thật sự nạp thì ưin ko nạp thì los như lol ấy mất tong 20tr mé cay,1
ghép cho tao toàn sv game đồng đội ngáo còn kêu đánh ko nghiên túc trừ uy tín của tao nữa cày gần lên kim cương giảm xuống bạch kim 2 0 sao ai chịu nổi,1
game giết thời gian khi chán rất ok,5
"Game rác quá rồi, ban ko lý do",1
"Con chó game như đc lập trình sẵn, t cứ win đc 1-2 ván thì m cố tình ghép cho t toàn team sv làm t mãi đ lên rank đc, t thề m sẽ đ bao giờ có 5 sao từ t trừ khi m xem xét lại cách ghép team của m",1
game ép người chơi thua,1
"game rất tệ , ở nhà dùng wifi có 2 cái điện thoại , 1 cái thì dùng bình thường 1 cái thì dô trận thì lag đứng ngoài sảnh , xong trận ra tính afk",1
Hay,5
game rác ghép chênh lệnh thua liên tục gặp sv,1
cũng hay,1
Game hsy,5
"mong anh gà ghép trận công bằng với toàn sv và phá game,anh gà ko thể cho những người ngang trình mình đc à,khi nào cx ghép trúng chi mô á mong anh gà lm cho ghép trận và ghép đội công bằng hơn nhé",1
"tệ, cần thay đổi chế độ ghép cặp, trừ sao acc cày thuê và chống hack.",1
vuiii vãi,5
"game mạng bảo ổn định nhưng chơi thì lag, game chơi thì toàn hack map",1
rất tệ lag game như lon,1
game không hề tạo áp lực cho tôi game rất hay tôi chấm 10sao,1
"đánh cờ chán chê xong thì cho mất kết nối, không tính điểm, mất luôn cả lịch sử đấu. tối ưu như....",1
trải nghiệm quá kém ghép trận gặp đồng đội phá game,1
A gà ơi mở thêm thời gian mở bán Nova 20/3 -> 28/3 đc ko ạ em ko tích kịp 😇🙏,5
game cho sv chơi,1
game xếp team như cái db game định ko cho ai lên rank hả,1
ghép trận tầm bậy,1
game toàn ghép phải sv,2
"game k thấy giải trí, chỉ ức chế khi thua chuỗi đậm từ 10may trận trở lên vì ghép toàn mấy team xàm k cân bằng hạng nên lại tiếp tục thua, nghĩ sao kc đánh nổi vs TA 1",1
"game toàn loại súc vật 4 chân không còn team bạn đánh như tuyển thủ ,ghép toàn thành phần phá game buff bẩn ko mong game pick lỗi đó Ạ ☺️",1
game như cak cơ chế ghép người với thú,1
ghép trận lệch trình vãi l,1
"chs không đc vào rồi bị đẩy ra,làm cày chục trận vì bị tố cáo ức chế vl",1
"game j vậy tr? đang đánh bình thường cái bị văng out ra vào lại tải lại từ đầu lag như con chó trừ uy tín như j buff bẩn lăng mạ tố cáo trừ 2 -3 ủy tín ,tố như ko tố🥰🆑 game càng ngày càng tàn 🆑",1
chế độ ghép trận công bằng quá ha? đại cao thủ 4 ghép chung với tinh anh? đánh thế nào được với ng lệch rank như v?,1
game nhái vinh giả cùi bang bang top 1,1
xếp đội như qq,1
"CNY + hiệu ứng 3s tối thượng bậc cao nhất cao mà làm cho có, cắt hiệu ứng skin chuyển giao",1
game lag quá,1
"game tuy lag , nhưng các sự kiện rất vui 😊 ,mong nhà garena cho người trên 18 chơi thôi mấy bé chơi trừ uy tín nhiều quá 😭 . cân bằng tướng chưa được đúng ý lắm 😔",4
ok đấy,5
hệ thống ghép trận ko công bằng,1
phiên bản mới éo vào đc garena luôn,1
Đg chs thì bị giật văng game k ấn đc mà tôi dùng IPhone 13 mà cứ bị như tình trạng trên,2
"nút báo cáo sau cập nhật vô dụng quá ,báo cáo thk afk mà vẫn báo là đang điều tra??",2
game đánh đơn đại cao thủ mà lại trung tinh ah,1
game muốn đuổi người chơi đi à,1
game càng ngày càng lag vô trận thấy tầm 3-4 người dùng skin 3s là y như là combat là đt đơ với nóng,1
game thì lag đeo cả đánh được lính,1
Quá tệ,1
ko biết ghép tem,1
hay,5
game thấy thắng ghép cho mấy thk óc bò ko,1
chơi 10 trận game ghép cho tem chán toàn người fix mạng không tố cáo được từ tinh anh 1 xuống tinh anh 3,1
game càng cập nhật càng lag chán,1
lỗi tùm lùm ko đăng nhập đc yêu cầu sửa. gấp,1
hay,4
con game rẻ rách,1
game vui nhưng dễ gặp phá game,4
Vì anh gà cho 999 qh nên tặng anh 5 sao,5
xem chung cũng ổn mỗi cái hơi lak,4
Rất hay,5
cố lên nha,5
ok,5
có 1 sự thật là game sẽ ghép cho team rất ngu để giữ chân ng chơi 😺☝️,1
game bn vo rồi mà nó ko tính,1
được chuỗi 3 là auto 10 trận tiếp theo thua hệ thống ghép quá tệ từng chơi tận 3 năm giờ thì đúng là ko hợp,1
game l,1
hay vcl,5
Games rất hay,5
chơi hay á chỉ là ghép trận đôi lúc gặp rank cao hơn mik thôi,5
ko bằng 1 góc mlbb,1
Game xếp ng chs rất ngu,1
nice,5
garena ơi.Cho ra chế độ 4 v 4 đi,5
ghép trận chán thế,4
"Hệ thống ghép ko công bằng, cứ ép thua cho bằng đc. Chơi bị vả liên tục, mấy ván trước ép thua nhưng vẫn thắng, ván sau bị hội đồng liên tục, rồi thế lấy đâu ra tiền mà mua đồ. Chơi hỗ trợ lỡ thua phút thứ 4 thì bị tố cáo rồi trừ uy tín. Tính ra bảo vệ Mid bị hội đồng mới chết tự nhiên bị tố cáo",1
thk và hay,4
ghép trận thì team mình toàn mấy đứa phá game còn team bạn toàn tuyển thủ,1
ok,5
game rất hay,5
đề nghị game dẹp bỏ cái co chế can bằng hạng đi lên ganh càng cao rep trận toàng gặp phá game với bút ban phá game to cáo thì ko bị trừ sao,1
very good 👍,5
"Game càng ngày càng mất công bằng, thắng được vài trận hồi thua chục trận, chơi lâu một hồi là giật lag, văng game, tướng cần giảm sức mạnh thì không giảm còn tướng cần tăng sức mạnh thì lại không tăng.",1
mẹ ghép trận thì như lol toàn gặp phá game afk ko,1
toàn gặp taem không cân sức.,1
mạng của tôi auto đạt chuẩn chất lượng rồi mà vào game thì lag vs giật giật nx đã thế ra ngòi lại bị văng game ra ngoài thoát luôn game hộ tui luôn mong anh gà hiểu và sửa lại chứ đang chs thì tự nhiên bị văng game bị trừ cx đc 3-6 uy tín,1
game như cưt lag,1
reset máy r nó còn bắt chơi tiếp bố cũng lạy,1
"Chắc game sắp sập r , đủ thứ lỗi , game nặng nữa...",1
"xoá game tải lại mà ko cập nhật lại đc , nhiều khi bị lỗi cái này cái kia",3
mong game ghép trận cho thằng thông minh chứ ngáo thì chịu,1
game ghép team đúng nguu đánh giá 1 sao là phải thắng 1 thua 10 game rất hayyy,1
game như cut thắng đc vài trận r cho ghép toàn mấy đứa não như cak đến khi ghép vs mấy đứa khá hơn thì deo gỡ nổi nữa,1
hay,5
mỗi ngày một bl 1 sao,1
giờ chơi toàn thua team bạn full cục vàng team mình toàn mấy thg ngu mà chỉ tinh anh thôi,1
"chỉnh tỷ lệ ng chơi cở đó thì nên xem xét lại ha, bắt t gánh chó hay gì vậy",1
game rất đc ko nhiều hach người chơi ko hach ko điểm chê,5
đề nghị gà sửa lại tính năng trong map 1v1 nha khi mà phá trụ đầu mà không bể nhà chính chứ có mấy thành phần vô đẩy trụ khó chịu vãi,1
hay,5
tôi nói thật chơi game đc 6 năm giờ game ghép trận đánh như l toàn gặp lũ sv chơi làm j thà chơi game bangbang còn hay hơn gấp nghìn lần game l không xứng đáng đc 1 sao nên xóa game đi mọi người,1
game ghép toàn team ngu không sao mà chơi hả? bộ mình phải gánh team hả hay sao mà ghép như qq? kim cương mà tưởng đang solo với cao thủ không á ! càng thua càng muốn bỏ game. làm game ác quá! mong sửa lại và khi à nhận qh hữu hạn của skin majza Hi Phi thì không nhận được qh hữu hạn. Xin sửa lại,1
Game rác vcl,1
"thích trừ điểm uy tín là trừ, không phân biệt được đâu là ứng dụng thứ 3 can thiệp và thông báo từ hệ thống, không ngăn chặn được người dùng hack, giao tranh là không điều khiển được xong cớ lý do cố ý thua trận,chúc tết Việt Nam không chúc, đi chúc Trung Quốc",1
"kì cục dạ chời,đăng xuất chơi 2 acc cũng ko cho nữa là sao",1
game rất hay tôi đã mất 2 máy sau mấy trận thua,5
game hay 10 điểm,5
hỗ trợ rồi teme report liên quân không xem trừ uy tín luôn ( BUỒN ) geme bị dì không à chơi không thắng toàn thua,1
cơ chế ghép team muốn người chơi thua,1
chơi hết sức để ko thua nhưng bị tố cáo cố tình thua bây giờ còn 81 uy tín nhưng vẫn thấy hay lên cho 5 sao,5
vừa vô tr mẹ bảo mua đồ mong ad fix🐧🐧🐧,5
hayy rấtttttttt hayyy,5
rubish,1
hay,5
bị lỗi là sao m,1
tôi chơi liên quân được 4 năm r và tôi rất thích nó,5
"tối ưu đồ hoạ kém, rất nhiều lỗi , cơ chế ghép đấu ko cân bằng ,không lắng nghe góp ý của người chơi",1
"Game hay, nhưbg hơi lag",4
"Sản phẩm game của các anh khá là tệ, có nhiều thành phần xấu làm ảnh hưởng đến trải nghiệm của chúng tôi như: buff bẩn, hack game,... tràn lan. Theo tôi thấy bên Timi chả có biện pháp khắc phục nào cả mà chỉ toàn ra những sự kiện mới để đè nén lại những thành phần xấu. Các anh có thật sự lắng nghe người chơi không vậy? Con tôi chẳng thấy những cải thiện tốt gì bên các anh cả. Mong bên Timi đã lắng nghe ý kiến của tôi!",1
"W5 vẫn bth, nhưng mỗi lần ghép 5 hay đấu hạng thì đều bị out game...",3
chịu cái game rác,1
ghép toàn sv,1
cái game rách,1
game nhu c,1
"game vô đấu hạng hoàn toàn chênh lệch mức rank , rank mới tinh anh 3 thôi mà t gặp cao thủ , đại cao thủ gặp cục đỏ cục vàng top bạng xếp hạng nó quá chênh lệch rồi với ghép gì đâu toàn team phá trận không. Chơi 6 trận mà thắng đúng 1 trận còn lại thua không á. Chê luôn ấy",1
Zui,5
rất hay,5
vui á:),5
chơi hay nhưng trận cuối lên hạng ghép toàn phá game,4
Not10 đôi khi còn hơi lag nha👍,5
rất hay,5
game đang chơi thì tự xóa 1 phát rồi lại trừ điểm,1
game Như lờ ghép toàn gặp team gà nói chung là như lờ,1
game hay mà chs toàn thua chuỗi 10 15 ko vậy lấy đau ra cảm guacs chs game,1
ghép team quá chán,1
game ghép cho team không hiểu ý toàn mấy thk lệch trình lệch rank mong game trả lời ngay lập tức về vấn đề này,1
game rác ghép trận toàn gà,1
gặp toàn hack map,1
chos game .ghep trận như l toàn gặp trẻ trâu fixx chục mạng toàn 0/8 0/9 . fix vấn đề tiền thì nhanh lắm .game ngu như bò thua cả chục trận dell lên nổi,1
Chán,5
"Game cập nhật là lag vì nó bị file trồng, trồng file. Người thông minh thì gỡ cài đặt, bắt wifi tải lại, nó hết file trồng lên không lag nữa. Mà cập nhật nhiều làm gì !? ứng dụng cập nhật nhiều, tăng nhiều bộ nhớ GB hơn. Gỡ đi cài lại bộ nhớ nhẹ hơn !",3
yêu cầu game không ghép tôi với động vật,5
"xuyên tạc lịch sử, bảo mật kém. sập đi",1
"chơi game toàn gặp team giống máy, nhưng team nó thì toàn như tuyển thủ và team mình toàn gặp phá geam",1
quá cuốn,5
Garena làm việc kiểu gì vậy ? chơi mà cứ ghép bốn đứa súc vật còn bên kia nhu tuyển thủ + 1 máy rủ bạn bè xóa,1
tăng xức mạnh bijan,5
"Yêu cầu kính gửi tới game"" Garena Liên Quân "" thêm phần để xoá hoặc tắt hiệu ứng chuyển động ở sảnh tổ hợp thành công. Nó mỗi lần cập nhật càng lag dễ bị đơ rồi mất 1 uy tín, không nhiều nhưng gây căng thẳng và trải nghiệm khoong vui. Điều này thường xảy ra ở máy yếu hoặc máy đời cũ. Mong nhà phát hành game có thể "" thêm phần xóa hoặc tắt hiệu ứng chuyển động (ở tổ hợp) thành công trong phần cài đặt hoặc phần tải dữ liệu game. Cũng mong nhà phát hành đọc đến, xem xét và thêm. Cảm ơn",2
Good,5
hệ thống tố cáo dù đã tốt hơn trước nhưng cần nâng cấp thêm với các bản hack,4
game rác ghép lệnh rank,1
vẫn thế,2
tạm dc,3
"game lag, phá game, và vô vàn cái tệ nạn ko kể hết. yêu cầu coi lại hệ thống báo cáo và lỗi vào trận ảo trong đấu rank nếu gem ko khắc phục được những cái lỗi nặng như vậy thì chúc gem chóng sập.",1
game tệ. những người vào leo ganh toàn gặp người af . trừ điểm trừ sao. còn lũ af thì đầy ra đó. còn mình đang leo ganh mạng kém lại bảo af phạt k cho chơi game chó gì thế.game này nhờ đi chung mới thắng được mà gặp toàn lũ đi lẽ phá ranh chơi càng lúc càng thấy xl game,1
"Dame , gánh chịu , kda , vàng , giao tranh tổng , t đều đứng đầu team mà chấm mvp t đứng hạng 2 khônghiểu cái game l này chấm như nào nx",5
"mong game cố gắng sau cẩn thận,khắc phục lỗi ạ",5
bớt thua nhiều là ok,5
lúc nào chs cx gặp phá game hoặc khịa ko vui,1
Rất tệ Ghép taem rất lỏ,1
đồng đội như máy,1
đồng đội afk cả trận mà khi báo cáo thì lại là không vi phạm ?,1
Làm ăn ở Việt Nam mà cài cắm CNY 🙂,1
Chinese New year hả mậy,1
10đ,5
đồ độc ác,1
ez,5
"xếp đội hình đếch thể nào chấp nhận! 4 đứa đồng đội kh bao giờ đánh đc tí nào, gánh gần thắng thì lại thua",1
0 tính năng giảm lag 0 cài đặt NGỪNG TẢI TRIỆT ĐỂ.sao không làm danh sách tải có thể tự điều chỉnh thêm đi. sk biết là hay là đẹp rồi mà nặng quá có chơi được đâu.game 8 tấn tải toàn mấy thứ tôi còn đell thể có. tướng ko tải đi tải skin 30p đợi để chơi 1 ván 5 cục xanh xanh đấu 5 cục tím tím.mấy con linh bảo cũng sửa sửa đi nhá để nó free chat rất vô văn hóa,1
sao hok thấy nút cập nhật vs chs hay bị laggg mong sẽ khắc phục,3
games lâu lâu bị gì á,3
vip vui,5
Chơi vui ghê hihi chơi phải có người mạnh kèm người yếu thế mới vui games nhiều.tài nguyên quá chơi hay bị lag mà đang chơi lại tự mất kết nối trong khi đó mạng của tôi vẫn bình thường game ngày càng nặng giật kinh khủng tôi đánh giá chỉ 1 ☆gì trời đang đánh bị văng liên quân như này ai chơi mang thì căng mà văng không hiểu rồi lại trừ uy tín . năm 2026 có 5G mà cứ vô trận là bị đẩy ra vãi cả game,1
game chán ko làm cho những máy yếu chơi chơi game thì cứ bị lag và bị đơ lại còn lảm ảnh động ngoài sảnh ai cần vậy alo game bộ mấy người làm thấy ai cũng có máy mượt hả:(<,1
Hay quá,5
chơi toàn thua ????,1
không biết hệ thống garena làm ăn kiểu gì. tôi chỉ thoát acc chính và chuyển sang acc phụ chơi nhưng khi chuyển sang acc chính lại thì lại bị báo sai mật khẩu mặc dù tôi đã thử rất nhiều lần mong game sớm khắc phục lỗi này vì nhiều người cũng đang mắc phải,1
"gặp phải đứa phá game nhưng trong lịch sử đấu của nó ko có? tố cáo không được, làm ăn chán v",1
hay,5
loại game này chỉ cho chó chơi,1
ghép toàn sv,1
liên quân cho tôi con y tá báo lạ đi,5
game hay nhưng mà lúc thua lúc thắng mong khắc phục,4
game mất cân bằng vl. ghép trận như cặt,1
ad gì lv 13 bắng 2 cái 9k dame vậy trời game rác vl,1
Xin đc gửi đến nhà phát hành game! Lên điều chỉnh lại cơ cấu xét đội khi leo rank đơn do bởi vì xếp rất nhiều đội lỗi game quá nặng. Game còn hay bị lỗi này kia chơi cảm giác như njaf làm game k chỉn chu và. mắc rất nhiều sai lầm nx chứ tôi là một ngời chơi đc tiếp cận với game gần 2 năm r mà cảm thấy đã rất chán mà trong khi đó tôi cũng có một số tiền ko lớn cũng nạp vào để săn những skin yêu thích của mình mà ko cho ưu đãi công bằng một tý nào đấy là tôi cảm thấy thế. acc: •Ja_Baw•,5
ghép trận toàn thua,1
"thực sự là t ko chịu nổi cái tính kiêu ngạo của bọn NPH với lũ đứng dsầu cái game này r, ko còn coi người chơi ra cái gì nữa, một đống hack với phá game không bao giờ thấy xử lý đàng hoàng, đến tận lỗi bảo mật để tk game bị ăn ban vô cớ cũng đổ ngược tội lại cho ng chơi??? thực sự nếu bọn m dell biết cách để phát triển game thì hủy game mẹ đi, hết CNY thì đến bị phá acc do kẻ xấu lợi dụng uid, bọn hack thì dễ dàng quậy tung engine còn ng chơi thì mệt mỏi với một đống bug, lag, với phá game buff.",1
tối ưu kém không quan tâm đến trải nghiệm người chơi chỉ quan tâm đến danh thu cùng 1 màn xuất hiện cùng 1 skin nhưng bên liên quân lại bị đơ giật giật delay nhưng bên vương giả thì chạy mượt thẩm chí t bật độ hoạ cao nhất còn chạy rất mượt bên liên quân thì t chỉnh đồ họa gần như thấp nhất rồi vẫn lag giật giật không chơi được đc có lúc lao đầu vào trụ game 10 tuổi rồi làm ăn chán vậy luôn hả hưởng dương 10 tuổi là đủ rồi đó,1
game ghép team ngu như con chó,1
game ghép cc,1
hệ thống ghép trận có vấn đề,1
"ghép toàn mấy thằng phá game, đi ngố còn chửi chửi chã hiểu hệ thống kiểu đ j. Tố cáo thì k đc, tính điểm bất công vcl, mình lm nhiều hơn mk nó đc mvp chã hiểu. Nhiều lúc ghép trận toàn gặp thứ j đâu, chuỗi thua liên tục",1
bỏ lỗ hỏng nạp tiền lậu bằng UID đi lũ gồn là,1
lấy quà đền bù ở đâu,1
tính điểm như c,1
càng chơi càng ức chế,1
"Thằng sv garena làm ăn càng ngày càng ncc, ghép team thì lâu lại còn ghép vs sv phá game, cứ vừa vào trận là out, ko cải thiện đc mấy cái đó mà chỉ biết đi nâng cấp đồ họa đúng sv",1
game nhập code mãi không xong đăng nhập tài khoản cứ báo sai trong đúng hết rồi vẫn báo sai 1sao đợt nào cx ko nhạp đc do báo sai mong gà rán khắc phục,1
Gem cac à,1
ko nên tải game có thực toán khiến mày bực mình cho win xong lại cho thua ghép trúng đồng đội ngu ko nên chơi,1
cho tao hoi nha taem tao pha tao to lai khong bi gi trong khi no 0/12/2 tao 5/2/1 lai bi tru uy tin toi 4 la s ma cu trung binh choi 4 tran la co roi tuc afk ma con con game nay cu lag sao y bo game muon sap hay muon khong con ai. choi ha,1
"game toàn trẻ trâu toàn gặp hãm,súc vật,toàn cậy đồng đội ko dám chửi 1vs1",1
thường xuyên lag và đơ máy pàm hỏng trãi nghiệm,2
cân bằng tướng như l z con thì đánh mấy cái là chết con thì sài hết chiêu luôn vẫn giết không nổi mặc dù hơn đồ lẫn kill,1
game ghép toàn sv,1
game như db,1
"thua liên tục, thuật toán game như L ghép cho toàn đồng đội óc chó",1
game hay vãi,5
liên quân như cái đầu con cạc. Bình đánh đàng hoàng cũng bị trừ uy tín. dép toàn là ông nội ông ngoại đánh không. đánh thắng trận thua 10 trận. liên quân như cái đầu con cac người ta.đeo chơi nua,1
đăng nhập đâu mất tiêu phần fb vs garena rồi aa,1
thấy hay mà sao bị chửi nhiều vậy,5
lỗi đăng nhập bằng cổng facebook rồi,3
trận cuối lên rank gà ghép toàn sv chán game,1
mong sửa ghép đội,5
"gặp hack rất nhiều,nhưng chơi vẫn vui",4
cơ chế ghép trận của game như cái đb bố mày ấy,1
game chơi lag vô cung chơi không đươc đanh gia 3sao,4
"game hay, lời nói nhân vật và cốt truyện nhưng bị vấn đề là hay lag , gặp nhiều phá game tranh lane , nhất là những ai sắp lên rank mới là sẽ gặp",4
Chọn lane chính phụ thì toàn đẩy đi lane phụ Chơi mid chính sp phụ cuối cùng thành chân chuyên sp luôn vãi cả đạn Ko dc thì bỏ mẹ cái xếp lane đi vô thằng nào thích chơi gì thị chọn lấy chứ chính với phụ mà bắt đi đường phụ ko,1
hay,5
không cho chơi thần ma quyết đấu,1
game cố ý làm cho thua nên kh chơi được rất ức chế nên mong nhà phát hành bỏ tính năng làm cho thua tồi cân bằng lại giùm cái,1
ghép lệch trình,1
gì mà tải lại quài luôn... cập nhật mới tải dữ liệu ngủ một đêm mở mắt ra vào game lại tải tiếp,1
"tính năng ghép trận như rác toàn ghép lệch rank, team toàn phá game",1
ghép ngẫu nhiên toàn ra thằng mạnh ko à em gì chả biết làm sao cho đúng nữa chơi xong muốn ức chế tính xóa game . game ko giảm cái xếp ngẫu nhiên cho đúng nữa,1
ghép trận như l,1
ok,5
game ban acc mà t kh hack map kh mod kh lmj ht ???,1
cho 2sao vì dạo này xác xuất có 2ss khá ít mặc dù KDA rất đẹp còn MVP nữa nhưng mà vẫn chỉ cộng 1sao,2
CNY.,1
hay,4
đứa nào chơi t check uid game được là cái acc bây bay hết,1
khó chịu là cứ nhiệm vụ nào là có bạn bè hỗ trợ có khi là toàn bộ là nhờ bạn bè .... cày một mình r nhận nhân vật cũng đâu có sao như là sự kiện free skin butterfly-ninh tần đang diễn ra dị nè là ok nhất (3/3/2026),1
"Game toàn phá , cơ chế ghép trận tệ hại , hút máu người Việt vậy mà quay sang chúc Tết China ??? Xong đền bù 10 giây đúng kiểu keo kiệt . SV Thái thì sk mỹ nhân toàn cho chơi free các skin xịn , hữu hạn , SS ,... đến SV Việt thì cho con butterfly SS cũ vô làm c gì? còn có nhiều Hack nha tệ quá liên quân ạ!! Nói chung : Hút máu , tệ , cơ chế ghép trận khó hiểu , cấm chat những thứ vô lý , tranh lane tố cáo cũng không ăn thua",1
tôi nghĩ phát hành nên bỏ cái tải tài nguyên đi tốn GB lắm ln 🙁,2
game quá hay,5
"con flo bị dảm sức mạnh yếu muốn chết,t muốn con elsu tiền mua chỉ còn 10 999",5
"game khá hay và đẹp, nhưng mong nhà phát hành duyệt mấy đứa hay cà khịa và chửi người dùm tôi cái😔",4
game ngày càng anime hóa,1
"game rác, không đáng để chơi, đừng phí thời gian cho 1 cái game không ra gì",1
"thề là game giờ nát vãi cả ra, hết vụ con yue mặc sườn xám rồi giờ tới vụ CNY, game thì làg kinh khủng ghép trận pick tướng thì bth tới lúc vô trận thì game đứng luôn, mong là game cải thiện dùm đi chứ lag cỡ v ai mà chơi đc",1
"game rác vl, team thì xếp ngu, hack tùm lum",1
"lần thứ n phải nói là game rất tệ hại, sk thì cố ý chèn những thứ phản cảm , Vd như sk chèn CNY đợt trc , hơn nx game có rất nhiều thứ gây ức chế cho ng chs ,đặc biệt là cơ chế ghép trận , tóm lại là ng chs họ đã bỏ 1 số tiền lớn vào game, nhưg ko nhận nhiều thứ tốt nhất , mblg còn lm tốt hơn tựa game này nhiềuuuu",1
"chs game này tình bạn đi lên ,zui lắm nên tải về chs còn bét fen :))",5
game nhiều GB nữa ko chơi đc,2
tại đt tụi mày dởm chứ đt xịn chơi bth,5
game gì toàn bị văng ra trong khi máy khoẻ,2
game như cạc đang đánh trụ 1 mình tự nhiên bị bắn mà còn có lính theo,1
xoá nạp cái UID bằng ko sẽ có chiện,1
Nhà phát hành bị ngu,1
đc,5
Game l xoá bỏ cơ chế nạp bằng UID đi cmm,1
cơ chế ghép trận kiểu j đây rank chiến tướng cứ chuỗi thắng là sẽ gặp 1 team có thg luôn đi lẻ ko combat chung feed liên tục như v đến chuỗi 4-7 thua là hết là lại auto thắng cứ vậy,1
game hay kinh khủng,5
"game nhú cl , wifi nahf t ko có yếu mà nó cho văng 5 lần , còn bảo afk , chịu .",1
"toàn gặp phá game, đồng đội afk mà tôi vẫn bị trừ sao",3
rất vui,5
cao thủ mà ghép toàn Tinh Anh,1
sao không có quay HD khoảnh khắc vay,3
"Ra skin từ từ thôi mắ, ra liên tục tiền đâu cho mà bào🙂",5
rất hay,5
Muôn đời dưới dái lmht,1
game như cái lol Hở cái khóa ác chưa hiểu nguyên nhân,1
ghép trận như cặc,1
bỏ game rồi vì giờ vừa nặng lại còn giống vương giả vinh diệu 🙄,5
game xây có sk hay lắm ae,5
toàn rep đồng đội Ngu,1
game hay,5
chs lag hay văng game gặp đồng đội ngu như l,1
Rực rỡ 2026,5
gameplay,5
Đang chơi bị mẹ thu điện thoại game cần sữa lỗi nhiều hơn,5
chơi rất vui,5
tui thấy game này cũng được chơi máy tính bảng xelex lag như cái này thì ko,3
ghép trận như db ấy team toàn máy k,1
cơ chế ghép trận quá ngu,1
game j mà vô ko đc ko chơi đc j cả game quá lỏ 1 sao phế,1
chế độ ghép trận như cặc,1
game lỗi,1
cho vài skin miễn phí vs ạ dân nghèo tụi tui hok có skin đẹp :(,5
game lag lòe loẹt. nặng,1
game l,1
geam càng ngày càng rác,2
như l game quá rác,1
"tốt hơn sập mẹ game đi , chơi toàn ghép trẻ trâu không , tốt hơn sập game ik , game rác rưởi",1
game lag,1
game l ghép toàn thằng nguuu,1
má game load lâu bị lỗi ra ngoài sảnh load vô lâu cái trừ uy tín ??,1
ghép trận không đánh được,3
lỗi nhiều,1
game như cái quần,1
game toàn ghép cặp mấy thằng đánh ngu không,1
game như cức ném hoa kế ngay địch mà ko ăn ĐÙA TAO À?,1
game hay lắm ah gà oie,5
game ghép lệch ranh vl,1
hay,5
ghép tem toàn mấy thằng như j kh v,2
"Elkwipee'. quần què j z , đủ tiền éo mua đồ đc trong game , làm t thua mẹ nó rồi đỉ gà ???????????",1
game gì lúc cũng văng ra chơi sao được,1
cơ chế hạn là do hệ thống.còn fix lỗi vẫn phải nhờ anh gà cho đội ngũ nhân viên trãi nghiệm game sau cập nhật để nắm bắt lỗi kỉ càng hơn tạo cho game thủ thấy mình đang cố phát huy.đề nghị nâng cao tính năng chống hack giúp e ạ,4
đăng leo rank thì văng game không nhưng 1 mà 1 trận tận 4-5 vào lại thì lâu game lại trừ uy tín ngáo à lỗi mà không sửa còn trừ uy tín đến chịu cái game,1
"nó lag kinh khủng luôn ấy, đấu hạng mà lag bị thoát ra ngoài vô lại thì bắt đăng nhập thề chứ ảnh hưởng trải nghiệm người chơi vô cùng, thêm cái kh riêng mình cái này bth th cx đã rất lag r",1
má điên đầu thật .choi team mình toàn gặp thành phần phá game lúc ad lúc rừng còn team bên kia hack tố cáo cũng như không,1
thành phần ramdom game rất chán bản thân toii có nhiều trận gánh nhưng vẫn thua và mãi k thể lên kim cương,1
mong game để omen hiện tại như vậy không giảm nữa tôi xin đấy,5
game toàn hack hết hp còn 8 giay sống thêm map auto rồi thêm hack tool elsu quá trời Hack.,1
game như c,1
game rác vc ghép trần đâu toàn sv chịu nhà phát hánh đấy game lag tao chơi game này fps ko đến 60 dù đã mở 60 fps chịu thêm nữa team afk r tao vũng bị trừ sao còn nữa r tính điểm làm gì để cho dóng ff à r còn bỏ cả sao bảo hộ chán game này quá mẹ ghép trận mẹ j toàn bot chán quá lỗi thì ko fix để đó 😡,1
vui,5
ngon r bây giờ nạp bằng uid xog refund là bay acc mà uid thì dell ẩn đc,1
tối mới rảnh chơi mà sao cứ ghép trận với ngu ngu ko vậy game ơi ngang trình ko đc à cứ phải bắt gánh tạ ko công bằng tí nào,1
hay,5
bố lậy m ghép trận đồng đội như cái loz,1
tôi bị mất acc chính sách về người chs bên game ổn áp nên cũng sắp lấy lại đc acc rồi,4
game vui nhưng hệ thống ghép trận không công bằng thua liên tục 12 trận từ tinh anh xuống kim cương hệ thống ghép trận với những người không cùng trình độ làm tăng độ khó cho game,4
game rác 10 trận thì 9 trận ghép với sv,1
đi đường mid mà ghép trận cho đi trợ thủ rồi chơi game gặp mấy đứa chửi mà ko có 🧠,1
"Game md , tụi nó ko gank thì report ko hề hấn trong khi t bị chết 2 lần thì dính tố là sao ?",1
"Cái quần què gì cũng trừ điểm, lăng mạ thì không trừ, quét kĩ chat trong trận giùm cái",1
cày khó,4
dit me game ngư cak yêu cầu lq bỏ ngay cái rank tinh anh đi vs lại cấm mấy bọn 2k13.2k14...... vô phá game vs lại xóa cái con alicu chs 40 trận thua 39 1 trận thì hủy,1
"hệ thống ghép trận quá rác rưởi, quá tệ cho những người đi rank đơn!!!",1
"Game giờ càng ngày càng tệ, không đc vui như xưa nữa, người chơi toxic lẫn nhau mất đi môi trường văn minh hồi trc",1
game càng ngày đi xuống do cái cách mà còn sv gà xét tố cáo,1
😍😍,5
hay,5
quá hay,5
game hay mọi người nên trải nghiệm:)😄👍,5
game rác k nói vấn đề đi đơn ghép lệch phải gánh rồi còn vấn đề đồng đội afk từ đầu cố đánh k feed đc mvp mà vẫn trừ sao chịu game,1
Chơi ổn nhưng hơi lag tí,5
ghép rank thấp mà toàn gặp cao thủ,1
ngon,5
chất lượng ok,5
👎👎👎👎👎👎👎👎👎👎👎👎👎,1
ghép trận như Iồn,1
cay vì ghép team như c team mik ngu như bò team bn như tuyển thủ =(((((,1
cho ghép team như đb rank ta rác vc dell hiểu s cn lên đc cho ghép thwo tlt à???,1
mong game có thể chỉnh sửa phần tải tài nguyên để mọi ng có thể tự chỉnh thứ mik cần chứ ko phải cứ tải hết 😆,5
chiêu 3 allain khóa vào đồng đội???,1
game loll sv,1
game như l**,1
"đánh rank mà ghép toàn những thg như đi test tướng,team địch thì ghép toàn đối khó bảo sao ko lên đc rank",1
cơ chế ghép trận như l vậy ghép 10 trận như 1 team toàn trẻ con trên lệch gank khi ghép rớt 4 bật rank ghét hoài chả ra cái thể thống gì vậy cũng gọi là cân bằng tỉ lệ thắng,1
game rác chọn lane chính là ad lane phụ rung mà cứ đưa đi rừng ko toàn thua mà cứ bắt đi,1
ok,5
mùa này lỗi skin nhiều quá,4
hay,5
"ghép toàn gặp afk, bỏ trận, mạng xanh lè mà cứ cà giật cà giật, không biết đang đi chỗ nào luôn, báo cáo không thấy trừ điểm mà thấy trừ mình",1
game chơi ghép trận rank toàn phá game trẻ trâu( rank cao voi rank thấp) nên khắc phục nếu muốn giữ chân người chơi.,1
chs cố gắn hết sứt r mà team tố cáo thế bị điểm uy tín game rác vl,1
anh gà ơi làm ơi ghép team cùng trình độ giúp em với ạ. Chứ chơi toàn gặp SV,2
"game toàn trẻ trâu vô phá game chơi rất chán,tụt rank liên tục",1
"Xếp team toàn lệch trình rp ko trừ uy tín, xúc phạm ko bị cấm chat",1
10 điểm túi gềng rùi,5
"Anh gà có cái lỗi con But nó tàng hình á anh.Máy em để cấu hình thấp vô trận gặp con But nó trang bị phụ kiện vào ,vào game là nó tàng hình luôn rất khó chơi game và cũng rất khó chịu .Em hi vọng anh sẽ mau chóng fit cái lỗi này",2
"gêm rác, chúc cny nên vote 1 sao hihi",1
ghép trận ngu vl team như bot óc vc ct đct đánh như kc,1
đốt tiền vô rồi CNY?,5
ghép đội như cặc,1
Afk dell bù sao.cc game,2
"chs lag quá, vs nhiều người hack quá",4
đi đơn ghép toàn gặp mấy thằng tật,1
😁💝,4
chơi rất hây nhưng giảm đồ hoạ game suống,5
Game rác mùa trc 63% tlt mùa này thua xuống 44% r vẫn k cho lên lại chịu,1
toàn hackmap buff bẩn,1
game chs như c,1
game hệ nhân phẩm à db ghép rank đất gặp cthu?,1
làm game ngu hơn riot,1
liên Quân rác,1
game hay ko có cái cháu chơi là dc,5
Rất tệ,1
geam giờ hách phá geam nhiều mà trừ vài uy tín geam ko công bằng với người chơi,1
game quá hay,5
trò chơi hay trang phục đẹp nhưng cho tui ít skin jk,5
"cơ chế ghepd trận chán, đang win thì cho ghép với mấy đứa đánh gà thua 15 trận không hiểu 1vs5 luôn ấy, game phối hợp gì nữa??",1
game hay nên chs,5
game bị làm sao ấy đang chơi cứ bị văng game xong bị trừ uy tín 100 xuống 82 là đủ hiểu r đó game như l,2
😞,3
hay,5
game ngày càng như l ghép ngẫu nhiên cho toàn thk chơi hay nói chung tệ,1
"cân bằng tướng như con c, hack map tràn lan, mỗi lần địch tốc biến lại gần bị lag k lí do",1
gép toàn gì ko chơi mà chơi đơn thì khó lên ran mà chơi cùn bạn thì lên dù du,1
thấy nhiều người chê game lag chắc cx do đt yếu mà chê. Thấy game chs chill lám ^^,5
game chơi chơi hay có thêm vài con nhân vật mới,5
rất hay nên chơi nha,5
gem rát,1
hay,5
Game hay vl,5
game cũng tạm ổn chơi khá hay nhưng ko phù hợp với máy quá yếu,4
mong đc tặng skin hoàng kim cơ giáp bijan,5
"Chơi cũng đc mà mỗi lần ghép team lúc nào cũng Afk, phá game tranh lane này kia, giờ 2 năm vẫn còn rank bạch kim.Lạy game làm gì để ghép cái team mà khổ thật sự",3
game như c,1
game văng yêu cầu giảm việc lag quá mức làm ảnh hưởng nghiêm trọng đến tính thầ,1
"nạp thì ko vào qh, ghép thì lệch",1
"ghép cho t toàn là thú 0/8 1/9 leo đơn game ghép ngu,đánh như bọn thối não",1
hay,5
ghép trận như cái l đcm chúng mày cứ.thắng là ghép cho đồng đội kiểu jv rác.vl,1
cơ chế xếp gank như con c đã đại cao thủ20× vẫn gặp tinh anh phá geam,1
bị khoá tài khoản vớ vẩn,1
tệ,4
đc,5
gan bị lỗi dm mỗi lần vào lại hiện lên con ngộ không dm,4
ghép cho vô toàn thể loại ngu,1
tôi nghĩ nên ra 1 bản liên quân lite giảm lag chs đc cho máy yếu,4
game khá lag cũng khá nhìu thành phần phá game nên -1 sao cảm nhận về game thì thấy game cũng khá cuốn và có vài skin free cũng có 1 chút hiệu ứng khá là hay so với các ae cày chay,4
"game như cặt, hút mạng và gb rất nhiều khuyến khích không nên tải",1
chơi game toàn bị mẹ thu đt mong nhà phát hành khắc phục,1
ghép team toàn sv😡,1
rất hay,5
hay,5
yêu cầu game mở chế độ giải trí thường xuyên,3
game hay chất lượng đồ hoạ đẹp,5
haizzzzz,1
chơi vui skin đẹp :),5
china new year thì chịu,1
giảm chất lượng đo hoa xíu ik lg lắm,4
ghép như cl,1
"ghép trận như tảo què, bộ đi rank đơn là phải ghép với bọn dở à, cơ chế qq j v?",1
"game như cak ,nên tải",1
gem như con cat ng ta vô chơi bị lang . dẹp mẹ gem luôn đi,1
vô game cứ bị lỗi ko chơi được game,1
vui nha,5
cơ chế ghép trânn ncc,1
game tối ưu quá tệ dimen 9400+ mà ko có 120fps qua wildrift mlbb pubg 120fps full setting,1
Bọn mất dạy sever Việt Nam Chúc mừng năm mới trung quốc game rác,1
ghép team như l,5
